customer_id,customer_unique_id,customer_zip_code_prefix,customer_city,customer_state
fadbb3709178fc513abc1b2670aa1ad2,0000366f3b9a7992bf8c76cfdf3221e2,07787,Cajamar,SP
4cb282e167ae9234755102258dd52ee8,0000b849f77a49e4a4ce2b2a4ca5be3f,06053,Osasco,SP
9b3932a6253894a02c1df9d19004239f,0000f46a3911fa3c0805444483337064,88115,"Sao jose",SC
914991f0c02ef0843c0e7010c819d642,0000f6ccb0745a6a4b88665a16c9f078,66812,Belem,PA
47227568b10f5f58a524a75507e6992c,0004aac84e0df4da2b147fca70cf8255,18040,Sorocaba,SP
4a913a170c26e3c8052ed0202849b5a8,0004bd2a26a76fe21f786e4fbd80607f,05036,"Sao paulo",SP
d2509c13692836fc0449e88cf9eb4858,00050ab1314c0e55a6ca13cf7181fecf,13084,Campinas,SP
a81ebb9b32f102298c0c89635b4b3154,00053a61a98854899e70ed204dd4bafe,80410,Curitiba,PR
3b37fb626fdf46cd99d37ec62afa88ff,0005e1862207bf6ccc02e4228effd9a0,25966,Teresopolis,RJ
c59e8ff99836e90d8b457d4122dc34e9,0005ef4cd20d2893f0d9fbd94d3c0d97,65060,"Sao luis",MA
2f29573c8cac5a7be11c5b649078f944,0006fdc98a402fceb4eb0ee528f6a8d4,29400,"Mimoso do sul",ES
9dec2d47e95677b616efe366f8bf9fb8,00082cbe03e478190aadbea78542e933,18400,Itapeva,SP
40f0183f7439212e8ce53dc6103dfb2f,00090324bbad0e9342388303bb71ba0a,13054,Campinas,SP
64eb9409c29c87a0a90ee1e08ce05065,000949456b182f53c18b68d6babc79c1,09613,"Sao bernardo do campo",SP
be22f11baf346059cbe6556ef9c69070,000a5ad9c4601d2bbdd9ed765d5213b3,90560,"Porto alegre",RS
e36917a47d5bf39bd3f38bcafb3d438f,000bfa1d2f1a41876493be685390d6d3,11095,Santos,SP
0e114b02a45c9876080f3a9a19f51c16,000c8bdb58a29e7115cfc257230fb21b,31555,"Belo horizonte",MG
4948d9d11ebcd4d241a0b291c15d5779,000d460961d6dbfa3ec6c9f5805769e1,01206,"Sao paulo",SP
455f2e2988eaf87d7e2ba33b0a57969f,000de6019bb59f34c099a907c151d855,11612,"Sao sebastiao",SP
8866a052aebe7f7cee97bace65b379b2,000e309254ab1fc5ba99dd469d36bdb4,72872,"Valparaiso de goias",GO
30e8a49cee668a4435b2f91cc77c9d15,000ec5bff359e1c0ad76a81a45cb598f,18160,"Salto de pirapora",SP
dd542dd7b8a8a90fed3b4f6b85ec45e8,000ed48ceeb6f4bf8ad021a10a3c7b43,01303,"Sao paulo",SP
4b95f958af9c866353ae1108d8ebd023,000fbf0473c10fc1ab6f8d2d286ce20c,13330,Indaiatuba,SP
3529b35e86160baf0aa22a9770420250,0010a452c6d13139e50b57f19f52e04e,95611,Taquara,RS
bb923a84f897c7ffc3d03eb905f7eddf,0010fb34b966d44409382af9e8fd5b77,04321,"Sao paulo",SP
5247e5c7e9037e74343f13bbd8800a6a,001147e649a7b1afd577e873841632dd,87020,Maringa,PR
064064dd94c43013786fc1e1a14d6374,00115fc7123b5310cf6d3a3aa932699e,71015,Brasilia,DF
728e136fca2819b62d610743ae2904b8,0011805441c0d1b68b48002f1d005526,68639,"Goianesia do para",PA
b821d548247d9c319bd595260efe677e,0011857aff0e5871ce5eb429f21cdaf5,09070,"Santo andre",SP
5b331b0a1d63a261e9072be800107cfd,0011c98589159d6149979563c504cb21,38970,"Campos altos",MG
187249e76bef7e36e09b6f14b8dce3c9,0012929d977a8d7280bb277c1e5f589d,92010,Canoas,RS
d41fb6a790ec990b784d24823da41d30,0014a5a58da615f7b01a4f5e194bf5ea,01407,"Sao paulo",SP
5e51f41c2c9cc612e4d63c9fd18b28c6,0015752e079902b12cd00b9b7596276b,03169,"Sao paulo",SP
24b0e2bd287e47d54d193e7bbb51103f,00172711b30d52eea8b313a7f2cced02,45200,Jequie,BA
f6b5c1255d74840ea920104295a66d0a,00191a9719ef48ebb5860b130347bf33,13240,Jarinu,SP
b56f0c76d060167be49b4f8208576cca,001926cef41060fae572e2e7b30bd2a4,78515,"Nova canaa do norte",MT
cec800e76b1cc898de17926aa9e1e146,001928b561575b2821c92254a2327d06,04757,"Sao paulo",SP
31efef58795097e1299b55a30bb57f45,00196c4c9a3af7dd2ad10eade69c926f,13287,Vinhedo,SP
c3d7323f3c6da4f6b1c1ab44328b2637,00196fdb2bf9edfc35e88ebfbcf8d781,92323,Canoas,RS
3b4f7be4dafb7e86ff361b032f410ac0,0019da6aa6bcb27cc32f1249bd12da05,13484,Limeira,SP
591cb16ea1a6d8f7eebd0a349593bea2,0019e8c501c85848ac0966d45226fa1d,78015,Cuiaba,MT
35af9db017c64c3410a255c75375b15f,001a2bf0e46c684031af91fb2bce149d,03071,"Sao paulo",SP
4b29474c60ebdcf9372db1c79c2190b7,001a34eb30ecb8e3aacb07c475ca4dd1,04078,"Sao paulo",SP
75dbcfb7a44bcf1199a9232679b45b10,001a3a8e11d76c9a366c31a4aa2cc529,90840,"Porto alegre",RS
49e64271fb8eeb19851dc7e850e92204,001ae44fa04911a9e9577356dce6c63c,09581,"Sao caetano do sul",SP
c2a9d304ac6f6c83a1d58953845a94b0,001ae5a1788703d64536c30362503e49,27276,"Volta redonda",RJ
744a80b67af618adfecb19c2b77e3618,001deb796b28a3a128d6113857569aa4,20541,"Rio de janeiro",RJ
c267e32fea07ffc4d9d388d44c4106c7,001f3c4211216384d5fe59b041ce1461,08240,"Sao paulo",SP
14e4fd056129b209f512b1070b405ccc,002043098f10ba39a4600b6c52fbfe3c,49015,Aracaju,SE
2b3c93b880505c1bbc5b3de1dd0ace3d,002311514717ca8b65b09a26cdf7b91a,07114,Guarulhos,SP
063a5ea8e53ff62d2547c8af92ba02b2,0023557a94bef0038066b5d1b3dc763e,15105,Potirendaba,SP
bfa4fb88e998929d9f6bfee1eed971b5,002471155ecd08d208d1376720e2a907,88311,Itajai,SC
6572a6aa6fe3f3f54977bbfac36d64a5,00256bf7b05c08f6a5849df3d0a64f1f,04503,"Sao paulo",SP
cd030cc7d9fe30c0ca7889aeffa326a4,0025795df7a7d077c4c90162fa820085,02323,"Sao paulo",SP
8d9af6fd03ae64da4f7fb87e4f9fce2e,0027324a96d26a2bc7d69262f83c8403,12220,"Sao jose dos campos",SP
57063b7216d8c3380b2aff7a02ec17b8,0028a7d8db7b0247652509358ad8d755,13273,Valinhos,SP
e12c68dd4db32c03ad19a62b5c3da912,0028cfeb9dfcd3628a56d5b6400deef5,14150,Serrana,SP
c02e0664590e5c59486088c7676ec031,00293787e2aec37a9c253b63fdfe2049,21380,"Rio de janeiro",RJ
190e309dab6cd148ca0c5e7ada50ec23,0029bd580d3012618731f5abb174a07f,08225,"Sao paulo",SP
a13cbaa8e1b1fffbfe0e01d938789f51,002aba8c1af80acacef6e011f9f23262,23860,Mangaratiba,RJ
0a791c41f6f639d2cdeba44d05e6ef04,002ae492472e45ad6ebeb7a625409392,72547,Brasilia,DF
9d4b49b0fc9981a6ad9b314e6ce43925,002b4cd83fabaffaa475f78ea5ef3e08,37950,"Sao sebastiao do paraiso",MG
96984d20a74a9ad8ccaa00a5891605a5,002bdeb33da5b1b3ce8b9c822f749c82,88130,Palhoca,SC
8abfeeb7b843cfbc0f5844addf3a4880,002cdf87d4c03f08f7eb4551a923affc,13183,Hortolandia,SP
4dbf01fdbd4d151fcd2f0f4cbec02c4e,002d3bd901608f67c3fc11eaaa842b13,09133,"Santo andre",SP
b2ed81c59896b239367d9c2722f242ae,002d71b244beb91ca7030b15ab526446,18900,"Santa cruz do rio pardo",SP
ad02be9a3c992f78bc890f2696a0493b,002da6dde369f6a8b4c999ed61eb5a87,04711,"Sao paulo",SP
3a6593692ab61c6618b23ddce7347ceb,002eb8b96288f3804e21d2777ac29895,32655,Betim,MG
2fa7b0fe956bffb7394467ca776543f2,002ed12115742033f015cb3c269ccf68,09271,"Santo andre",SP
860f2edf83e2e21d5fdb5217f7635753,002ef00822613c94613e60e03b169fef,85200,Pitanga,PR
269dc95fb2e86fc9f8fdee385fd66e93,002feefec5af0a3b26ee7839c66d205e,22745,"Rio de janeiro",RJ
1bc16e02bedfd980cd935973425f1cd2,003035f5ec76f2220098377482de93c9,35500,Divinopolis,MG
2d7d7ef5272cb7c9ec3f7aa57a2b2dec,003162bf0351f47a1a247992b8b9b42d,29160,Serra,ES
8be838a392ab1879b89cb279123ee2b2,00324c9f4d710e7bac5c5ba679714430,77600,"Paraiso do tocantins",TO
1013b3cb87e89aa951b7f556f8c26d33,0032c76b20340da25249092a268ce66c,13515,Charqueada,SP
f2f4eb1a9dd538dbe28987f5d42e9857,0032ca69771a7758ce643258bb9e4ac7,02242,"Sao paulo",SP
393d64cafa977bd5aeeb4724bdf29d03,0033f4a2887e07e25aa1204d482f41ba,41815,Salvador,BA
9d4d495d057fab5a6fa1dd89d432a0cb,00344274804f3b8003de1b0562ae01df,56360,Afranio,PE
ded54c534eae8f885d98e8a9dfa65b90,0034c76b7e6a17d738375b99afc2f01e,37660,Paraisopolis,MG
1cefecd08a908f264a214c2e07f2d3ec,0035029989e6fc5cf030918a5f9f2037,04438,"Sao paulo",SP
2c170599bc976f4cf90327b4baf83aeb,003650b504826ea534e02eba0ab58dd5,05887,"Sao paulo",SP
e97a9968c444502cfce41e23725952e5,0036a074f98b80c4f1fc33dbbcf9c552,98900,"Santa rosa",RS
60c0622ace374f7f29cbd0e206127643,0036b4a3d09ad551a5188c2e374da402,87020,Maringa,PR
610723ccf893b7420a52056e8d460113,0036d365b138cc0ee06bed755bcb5044,44770,Pindobacu,BA
4dfeeaf74cd7936d013802d1cc2e0c0a,00370dfde3d012c420d29657afc2fc8b,96930,Candelaria,RS
6b44ea99d4cb9ebdb1a80994a7317728,00377a18050b898b93e2c774be9947db,78065,Cuiaba,MT
66dff61ac82f40a1ad90762783e8a5ee,0037aa56b017c105c3a9d47af71fff98,31580,"Belo horizonte",MG
68db0252e5ad567234008980e8dab21c,0037d2bbb9ebc39d9114aea27ee16d72,05011,"Sao paulo",SP
8fc86d31af29c9a6ef80c6c950666adc,0037eb1ff742ee2e71ba887f65f3c6f3,54280,"Jaboatao dos guararapes",PE
e6428b88ea8513d718bb4199f280cd77,003800162424b7b5b3d75c9cf22a66e7,44059,"Feira de santana",BA
fab24554bc9a6b466c61b9f4c0f4b7d9,00391594070baf8603f5fdc1d0c6a48c,16021,Aracatuba,SP
41db322bbc128ead2b4dcb94280a9ce0,003a5571a07dcf09bf117d13d2980ba3,40270,Salvador,BA
9da01a19c4b8035ff31f3eb2a4de7c86,003a7a8eb096ed3cbf713d2def1ca701,65790,"Sao domingos do maranhao",MA
9317734b9df707723cc73d49964501d6,003ac9408252444b489b1bfc013f5f8c,18180,Tapirai,SP
f1582c8c1c74eb4d57a2485b3e6efc51,003ae409f37c3c30cb1c974af3a42692,33400,"Lagoa santa",MG
eb40667f90c8d0694ad616975d9729c2,003c2067070f5b3d923235b1ea1cc17b,63575,Aiuaba,CE
7e42f801c6588638f347d7590379e617,003c457932a554e4df13834237b1ed00,18030,Sorocaba,SP
3f11d1b5ece70ee5d68c4648f3e4eaa8,003d56767e53e08671de00da3fba8d40,37505,Itajuba,MG
8877ad2e63b8bc49e95b1c18133c4f8d,003db7adfcdc49857b095a50191b6c9d,08615,Suzano,SP
c9f4a3e9c7d357935a0e2e930d24ae71,003e28cb6fab8a0901bff9229612375f,82560,Curitiba,PR
41c81db0288d706cbb0937bddbea8f95,003e2af81ea3c72fbdd093f07724a4de,02420,"Sao paulo",SP
bd15f9ff1287103a05384574f0525d58,003f4901fdb60ae9c1e2538b84c208e1,73255,Brasilia,DF
b6113cb31237fc5caac3837be20c02ae,003fb95e849e71e732629d94bb92762f,14709,Bebedouro,SP
ffd1de7d1aaba96f625807ae058cda15,003fee4ca17927283128c7ddc6f9311b,28610,"Nova friburgo",RJ
2417eddcf87ccb8b24235761f8b09568,004177f7bf62929186b32c7fdaa6157b,22745,"Rio de janeiro",RJ
9da470067c9f099fdc9597b5a7b57355,004256f082951ec189a4962b6788c214,01231,"Sao paulo",SP
1b4a75b3478138e99902678254b260f4,004288347e5e88a27ded2bb23747066c,26220,"Nova iguacu",RJ
5315024f901f933bd377d1bca7928057,0042dcca0ae57aaec6e808edc31a2d48,57082,Maceio,AL
245f25690dd45fbd1e15f4941d9a6439,0042dfa8925d6eb23e471ec350454f04,13175,Sumare,SP
4ddafff707b98c2f941aca4da98b3044,0043d65f8039b4a4d43bc7b0f450ac2c,30570,"Belo horizonte",MG
97d4270ba979285c0c6500fbaf1e7da1,00444f48f6c9b55657e49435ce3a97ca,38401,Uberlandia,MG
e3e00b7ea484ae1ef4b76737e3ec56fa,00446a03d7a34d191507c9e42870d0a5,02235,"Sao paulo",SP
766d8c95b0b9445ca63f3cfae64fa55f,004493e0b0a37317d25665d340c0677d,21235,"Rio de janeiro",RJ
923c66d220bd6cc4760eb719e35f0b2f,0045e9ad4d6c85d2323a7ab374b76183,36200,Barbacena,MG
dbd8419d89e2d12f79322167e68e6225,0046311f458d8041b00063cb99482903,08270,"Sao paulo",SP
5299b9f29f522644081a8249407ede3c,0047f3e16441284d757a8963344f6c59,18680,"Lencois paulista",SP
48956a092e7d44d33215e84d2b71a53c,0048706e497cfba0b689e1e3497bc99e,14870,Jaboticabal,SP
cffb7882374d2bbada77a2a689034981,0048a779a98a7848514096ff04046079,32041,Contagem,MG
d87500fbc50819f8f7282cf5add00b05,0049a16516d38fc2246696172a257f16,02840,"Sao paulo",SP
7eba295b7f6a16dcf3e9f75510d94898,0049dadc30da6a277c1e9d371df5a66f,70680,Brasilia,DF
aac634b21f104cc454d3e9c728c92727,0049db44bfd6cee26ac9c649329ff6ea,13420,Piracicaba,SP
d4d520ede8c5bebd0a37dfdcc06164ba,0049ec2d7a5818d0e4b3f4735cec2458,86041,Londrina,PR
b16866ec831fa280adc36a71f6a30dbe,004a432489f6630c6dfd3fc4454603f5,81010,Curitiba,PR
20e569f30c28c88ac2731a006e5bb3d8,004ad212c650c96c8a48f30855a7bcb8,39850,Ataleia,MG
d95f60d70d9ea9a7fe37c53c931940bb,004b45ec5c64187465168251cd1c9c2f,57035,Maceio,AL
093e02292e3d50a0e2d37a5c9d77dbbf,004b9b1634b7becda8eec4e96bced882,09240,"Santo andre",SP
7ca7993040083feccb77fabd881ce270,004d17fa2cb102a7c4817f040c884e59,05625,"Sao paulo",SP
2ec09b0312464955bea7d384332ba8bc,004df63539fd5e38d4b0a0506de7549c,68743,Castanhal,PA
92626a3fe5f92731f1d93b5d9cd44ad8,004ed862ea4e55f18868d3d782d10879,09725,"Sao bernardo do campo",SP
01ebd7292a8ec3c547e0876d1aa4b3db,004f84d065096f3cedd26cf0adc80b9d,13040,Campinas,SP
60c23b4f05e926f24472f5ae2ec6b89c,00504b68faa074d0f40adcb4f7727f71,26700,Mendes,RJ
1ec4d89bd3b69465a248650104088c4b,0050dcff37f8b9ff611d245e30572b46,97700,Santiago,RS
b51ef2f9b84214cc18a0c1b6e2860a7d,00522457bba00bba576a34fd9b4808fd,02402,"Sao paulo",SP
ad21255ff9650ff11d50513eff3eed15,005226be8d5b972d0f72b4e8a79f322b,22280,"Rio de janeiro",RJ
85fdc9f140218413947b78ea86ce9855,00539155ce68fbe677934aebdb17e09b,08290,"Sao paulo",SP
f16dd3f2fdd8e832bfbf92a3fc29380e,00543330561a9088f8b3879114a7b008,48370,Esplanada,BA
9afb7d75b5d928401c32b979254afc13,0055b522bc89cbfbf376d8b59a628470,60851,Fortaleza,CE
f2824bf9bc3ff1facfe05820f06fa436,0055bbb9c95f6acb8db89d1f6c316407,88810,Criciuma,SC
0e620b2e35b839f1e372e03afd6bd9ab,0056c2dd794a5eede6164dcae635875a,39270,Pirapora,MG
82b0c471b6a24204ca01741b3bb5cc87,0056f26cb8f20916c3baa0e39fc30709,06186,Osasco,SP
c10abefbb5ea3c13765ae51ee5b7966e,005754cb59f8ee5cdbb5cda9d138757e,27910,Macae,RJ
f70537f7cfc56bd6a96bc1fe04b3fefa,00575b2023dedcc0f3e81a938834689b,86680,"Nossa senhora das gracas",PR
bb8061a40ad1af7fa13caba06d476bfe,0057f64bff87f4698b4cbd338d62a2a8,02566,"Sao paulo",SP
978fe0c5d2a70e0ce8f99955f63e29f3,0058e7db269cc11558913b42beb115d0,13026,Campinas,SP
f530197ea86ced9488a03d055e118ebf,0058f300f57d7b93c477a131a59b36c3,40731,Salvador,BA
aef4cc2639ecfc04d881dd687ed3ec1a,0059acd36094bf670ec8b21be6c0044c,37545,"Cachoeira de minas",MG
cb02cdda09b3d6ab39aadeac191f6094,005d8faa4cf789cf52fb880a8569880a,72150,Brasilia,DF
bec239dc5cea775ad97c271e47cfeaf7,005e32bc930906dc6b65fb9d11cce3e2,95175,"Picada cafe",RS
32d35b37495c90b91603ed706ff912d6,005ee3e015ec18092d7782e507cf68fe,69909,"Rio branco",AC
94d7782cb0c66411c4500df77bb6e3f1,005f060d4223956c62b64e9567a36f0f,13211,Jundiai,SP
051da0c8b95f2d53eefdb48da43a4058,005f4b46e70bbd3295a38e2fd28d6566,20271,"Rio de janeiro",RJ
f231e0441fbde50fb850af1950d6f21e,005f6fa02633470267dcd1e3ecd0fa79,15990,Matao,SP
129468ef8647b08efc12e04af8506cfc,005ff4ebe100db3eebbe6f7b19a8f99a,08381,"Sao paulo",SP
cf86162c67e8a54516ba2c9031c96523,006031108b00e5f73b2426a50b50f9c0,01312,"Sao paulo",SP
c43c903694d240e0094656ad800c5455,00605a8897ed9ad73b5c93bebad2541a,28022,"Campos dos goytacazes",RJ
f1b5fefd2603e754ff40d1a48290080b,00626f29f9b57d3ef7c1739ff03e944e,64048,Teresina,PI
f74bef75a01750b1517011b59eb1c000,0062adafa3846d9f372d8f1bde591b24,02452,"Sao paulo",SP
fd15873d506a65dc41e61bc3545c7f60,0063817060d662048ed08bccecaf45d5,78525,Matupa,MT
744cb93cf2ab57936f8dd243617516e8,0064a1b5f5cddd047c987b988a90c8c1,17511,Marilia,SP
217b939db6a739e1e3215e17a6e0de63,0064c96f536ac6250275482221834154,06515,"Santana de parnaiba",SP
706cb4fa45140c2466f192e6d449f656,00651d97d964127ccfc0e2e55464876d,13042,Campinas,SP
6796f5ccba24f2ff5db634fb69f4b64a,0065f6fb341f013a95a8e11cdc98d07a,04814,"Sao paulo",SP
5c3818ff5cfaa25dd3469b02d9425ff9,0065f7795a38381973a373c8b4939679,91230,"Porto alegre",RS
927b5dc6871a9349fe880e674f2bed6d,0066b328e72fd82fd7420bf849c0e8b4,06112,Osasco,SP
88ed0ffd90c7e0c8ab95752a16f01d2c,0067d2652c12515146721538868bbd80,89027,Blumenau,SC
7321990745cede1147b728cd2726d9eb,0068bd2e9e76c018846dbc6e2bec5ac5,03904,"Sao paulo",SP
6f279800252d785cb11706fcc0384259,006a8c1784d622ebe06bab57e72ee045,20551,"Rio de janeiro",RJ
6e598f3c0385872adbba24dab664282f,006ab6f5e82340e927757563a9fbe7e4,26070,"Nova iguacu",RJ
bac2d6a45da3161ce6bcf6a09118b99e,006b297ed73773b17d8874a2eb4466e8,42716,"Lauro de freitas",BA
80db9468205ab8feeb73722948bbce52,006bbb235068a01d2e3e47fa09ccf53c,70863,Brasilia,DF
895ebf13f70811385a4922e54c182404,006c10bfead12ac8d90486fb4ce4e603,09710,"Sao bernardo do campo",SP
f217fb5fdfaf6ecb61bac6b6b5bbd3c7,006d763076d74d16d66e828e79ec1544,39400,"Montes claros",MG
4e03ab024ec93b3c8b991682f3d93377,006e937bd5a5e32043018a6d1521b5d5,40725,Salvador,BA
15d17b993d1a4710e1d4b2718b2f1821,006ec5b170182812131c7d9b219c036f,35500,Divinopolis,MG
17e1aefbee8554b27f76fd3accc19e0d,006f2f20cf0cd723624b99d0e8e40d0c,81900,Curitiba,PR
052b2c80ba54a9462b895f098a8593e4,00704e915ae0d4a236eace0267454cf9,34600,Sabara,MG
020fff139f1af3a6dff28456f386fe2d,00705dcbc0b9cad67abd658612770905,01151,"Sao paulo",SP
5bfe800011656c0afb81db64519982db,0071f46a072a9ae25bbe4438b15efe9c,16011,Aracatuba,SP
0baf61edad2e021f03dc5a4304aef983,00720f160ff500d3605a1bf403eb62d9,13201,Jundiai,SP
34343e4c06ceecebd5ee18f161c88f58,00728bae3dec9c16b2193ab7e3195eb7,26950,"Paty do alferes",RJ
478c615b39c193099e6f6b352d706ab7,00737247e3dc1942da2c527ef3bd2709,33200,Vespasiano,MG
e8ef033012a92abd4fa76e7db69b124e,0074a1d3f1995ff0538dc7197500973c,88745,"Capivari de baixo",SC
91007e89826460cdcba05e2201ba13bc,00762eafc5dac5fc1574f91e9b7c9b67,02136,"Sao paulo",SP
3c5846b47d54a0d65ba29fa2ff9e25a1,007658319c060f337577e8a1834d5df5,58025,"Joao pessoa",PB
fbfbc2a596dcca8c7829d9d24787c232,00765d375af0e700f61c57db00a8ee63,13456,"Santa barbara d'oeste",SP
f75f376e63ea2acad4426eea83792ca3,0076a71311bb2386a353f5ba87d2aa29,63905,Quixada,CE
7428ebf9b65a9179a769e6954befa195,00776f3807b128beca64cd0b27138d92,03568,"Sao paulo",SP
223345b23d267598be393e1b629c098a,0077ba3f829303a1dce98552495c91a1,02333,"Sao paulo",SP
8a9003f36ee92e9312ee45a1280a0b7c,0077dc76aaf02323f03bce9b00878253,57305,Arapiraca,AL
02c6b472654adef5ac65870849c73444,0078108af1d2dc4b1601c744ca581b4f,13930,"Serra negra",SP
70f0328572afff623d74793061ab48c9,0078bb0f0d23e922d08437b7d0e13907,31720,"Belo horizonte",MG
8d7cf6fc4668c48859673a8e0fc8fa6a,007953b3182d5ccc9189a694f5c68163,07084,Guarulhos,SP
d471aeba944d651cc0497fbee5c4894c,00797f371bc0f6adb4d267be541a92da,12703,Cruzeiro,SP
6d2fc313c058293791f4f94623f1cf80,0079b50e9f77c1148b472818f92eaebc,26900,"Miguel pereira",RJ
1b4ad35cb1feaa66c6c7e1cca7efc4c5,0079b7407a428543a7f178cc09164035,18017,Sorocaba,SP
ab610365471b25b2b6d3f055bb3d69ba,007a2fab7046647dad04fe7d08c57820,21330,"Rio de janeiro",RJ
78417495f870be90c4390d66f1dffe31,007ad549acb91673f04eac22c0568114,08795,"Mogi das cruzes",SP
4ae327c54f9fbb1bd9dfab1e5ea6a238,007b8307b6448f0425ff2001f00c1bdb,66093,Belem,PA
15c30c47d392d1bf10cfe11e5b086597,007ba48697b079e78f168b051462dd1b,12460,"Campos do jordao",SP
ac9c40f688756c1d28e5a60845487208,007d9f716ead2bc8712255271a38f609,74475,Goiania,GO
e8ad8f13ce5567d53c2bcef7811c33b8,007e21b7a007c8f8dadfa43c9d5a91db,22611,"Rio de janeiro",RJ
a42447b983a2d2bcb002ec960a183f75,0083e758383b3deb6c6dac1b0b431ac0,11702,"Praia grande",SP
b24522673df202c02062231154a3675f,00842c7d0cedb9e1edad8e9b7d148f09,88200,Tijucas,SC
2e64d9fef4e07d2526ad4c98534bff10,0085139b503668b3addcfe826d91be8d,15760,Urania,SP
1034e43292e5dc5fe15729172cfb435e,0085d749fc64f766ece1729464f8039a,54420,"Jaboatao dos guararapes",PE
9175f906b8ad6c804df1837458e0da1c,008778a1591d49f6b2464dffaa4fa662,03912,"Sao paulo",SP
72b154a83078118969daf89bbe7fe225,0087c31081ea8d160baa06bf4ad4d76f,89227,Joinville,SC
d36092b7518d3eb6747ce8a0d63c4db5,0087eede471173af78d789df249c3a45,90520,"Porto alegre",RS
fd0cce75d1fde9e5c4a2fc87380efca2,008b06aba4b5f5b5b94f525ccf520624,18055,Sorocaba,SP
f9ba7683252743527fe127f7627b82de,008b82b072c6b564fcce49a325f84097,21381,"Rio de janeiro",RJ
c2c4769b2b0b100fd323054e505d1836,008ca52811784a181c8c88e8d66b49db,59082,Natal,RN
a76357caf01b7c00b203d627378240a2,008d17333e414049279c7822dfd5f019,08440,"Sao paulo",SP
4d13207d49606a5912586b4306719447,008ea5bdd1a99fb584cce7739349da75,60841,Fortaleza,CE
5e81e1b0b6164c14269bb934e9c43c3d,008f3d5f45a11059239a5c452cd00006,65920,"Sao pedro da agua branca",MA
da1b659cb552542387ac5a2d3d98d236,008fb2ecc75561d202dd4db2e0ceec25,02873,"Sao paulo",SP
756077224deef855584a6bf35be6233f,009000746b4fc73fe77ecc396fdb78d2,30310,"Belo horizonte",MG
5673cde32ce3810e1eab5570d458d827,009062f98089a091615b5c9faa13de26,29101,"Vila velha",ES
7c2b2f906d186327dc6e0fe22ed570d0,009210a1646725341917560a13f7799f,87860,"Planaltina do parana",PR
5b52bf026f62860b9ca706652f1426c9,009231b0ef6a6b4f5a5fe46938827b83,13084,Campinas,SP
4f1d99d568c60f8702f77fb3bd12c1c0,009301957bc7714394865c44650d8060,13059,Campinas,SP
32a81f532a1fbf51f944327bfbc52152,0093aeb87eca387dd153f965aa10c060,04216,"Sao paulo",SP
7f6d1f1be2482d7a6c1d0083eed8f6fb,0093c499f4f9c0e169ead490aa62ce3e,36201,Barbacena,MG
7ed939466606928dc16d603ec54edf09,0093dbe7f479386a92095026decf825d,02238,"Sao paulo",SP
07bff5422f6f580b0ebc4efe3cdbbbd1,00941614a654458b888b8780815bd26c,12335,Jacarei,SP
6f40052a8d45f8396c7446d4cea1826f,00950dbc783342e164c24e09023ebcb7,07081,Guarulhos,SP
453b016d1aa90100969032ca4efc7b8d,009671b5dc80cdf32aeb5850868ba81c,23032,"Rio de janeiro",RJ
cbd695d33e330f53d0d480b280111aeb,0096c18412349537abc45e350581cbbc,93310,"Novo hamburgo",RS
b9d52ad17ca3a9b3a1b97f8ca19ad4a1,0096c9cb600a08e601f7c2be6734531a,07417,Aruja,SP
3b3d4b5a0e6e6e335b8b7fcb37c5dd51,0096f8cd903cc205efab77d5ae6bb6f1,13426,Piracicaba,SP
b3869e23f4d2aad91f558a1e535577d3,00970787f181925ba33bd32b3817f742,20530,"Rio de janeiro",RJ
32c2f812cff3dacab1dff78ccad17c78,0097c1e3f3c2fed7a7d8cf30be1a33df,13300,Itu,SP
64ece241ae357ffb4989f7970a6f6adf,0097fca0db567f5ca79509b7b4fc1c2d,03405,"Sao paulo",SP
68dd34002f944ab9a6fa25771296a550,00986cafefb6e670cceca01694bda599,13920,Pedreira,SP
735dd5621071478d47b3d04f4b3901fa,0098853a28531d48988a2fb02b30840e,24230,Niteroi,RJ
ddb57a86c9720a54e2b7394c7112162b,009890d2f2b15df1267ed7f90f45fc4e,73840,"Campos belos",GO
874e3ce94e74d677972a169b9c78e0b5,0098f4847541cc7d676f9a5efc64c0f0,30411,"Belo horizonte",MG
5f2ff53e9d5e23d67e5245bb3c68d6d0,009a0802534f904b40b9d512b49794e1,22210,"Rio de janeiro",RJ
aa072112a00df3b18830253b7fd1f47f,009a3ad0cbdfc7f5481488472f72e8b1,13070,Campinas,SP
622e13439d6b5a0b486c435618b2679e,009b0127b727ab0ba422f6d9604487c7,12244,"Sao jose dos campos",SP
c74004aa7d4bf3fff88c56081df5a48e,009dd7b313c04f4ccd9d4e423bc04ba7,37757,"Poco fundo",MG
60ec77f4aec77bd0fc41ddd733af687b,009e70fcdd4ea3769c73210414e73c64,37400,Campanha,MG
b6955e5735da08e1cd7d7c9b46093774,009f647a455451d6c325bef96685e1c1,38400,Uberlandia,MG
8a5d1bd9b510a91cb37072a8bd930295,00a02d822b18db532e50e0607e615f3b,09862,"Sao bernardo do campo",SP
f456c97ea0cd35c21764081d00e402bf,00a089b8c7ab1e3808c3ad7de7a254dd,13049,Campinas,SP
f39b60f54b475d95d610a8f3f279c0ba,00a1c6913daeda0b7f9b79f802805fdb,89900,"Sao miguel do oeste",SC
72740dc2b626c46da39cd84cad2102bf,00a1d0d7d91c17c634d6896ce10ce1c6,60711,Fortaleza,CE
0bf412996fac82fa938b0bead2cf9489,00a1e8f160b36ccdcbca310933f12a3b,04058,"Sao paulo",SP
44396769f53f5560ba348bce5147c79a,00a218ea82c458456098caa1c4a7e796,36640,"Mar de espanha",MG
213954f035bc62d583b9e11ee09af81e,00a33236962b4ac37fd25275be9c206b,23042,"Rio de janeiro",RJ
cbb68c721ba9ddb30d8a490cc1897fa1,00a39521eb40f7012db50455bf083460,72595,Brasilia,DF
e3f8719d6155a530d63f2e3b81d74e5d,00a3a868d6047bac2888d27b16743ba0,21230,"Rio de janeiro",RJ
41642fab6f0a09b5c433637015ddaee2,00a6ee75a90222405df9d8d59babc513,65380,"Bom jardim",MA
d3d0223686600adaa14e86bbf6701f92,00a78b45ea275348c1a8081bef9ab61b,13453,"Santa barbara d'oeste",SP
cc6c1cd59d584e5e12cc5c377f42c8b2,00a7d14cb10e11b7f7d65120a7e3942f,02555,"Sao paulo",SP
46958fedfb3f81f4de25433dd2d44eca,00a9fd000ff87bb48b989df819c418f5,20551,"Rio de janeiro",RJ
ebfe7f31f9c0f96c6e0ce986e77a1359,00aafcd186fbd5da867f9b8df04518aa,28360,"Bom jesus do itabapoana",RJ
4593a3eea21017c68c24e20ccb25f38a,00ab80210f1875276065f3c1911a2110,03572,"Sao paulo",SP
fc095837bc58e78ea02238dc7d6d3e0c,00ab8b4d83051d5a41842abe7ff473fc,13331,Indaiatuba,SP
f4fde5b5396f5bdda6b22ed44f6ac580,00aba8ca6b7a455bcde671692a3f9e51,29360,Castelo,ES
23fe51c9d4d1b1cef50c57b3c0babf5e,00ac9cd5c4ad19e16e7c6f6864711737,37500,Itajuba,MG
40d106e6d4c2c913ee99ca6afc70674c,00ad4e6c01a3039fa1b45eaadb4222e4,12570,Aparecida,SP
d8788d5ff361dfdfbd6b4a73eae1be87,00ad5165112e0e9a91a23b1132716584,20510,"Rio de janeiro",RJ
c04734728558c8ad7e4b1db771fde5e3,00adeda9b742746c0c66e10d00ea1b74,05650,"Sao paulo",SP
49253ab6642f4857f50f36d4d9005289,00ae50eb5e1d2514f694dee1dcbbd5ae,04945,"Sao paulo",SP
4423670dab211b3b055c27e5c310d36e,00ae9ea276a5a4335382c9391059ddf2,29780,"Sao gabriel da palha",ES
68d7fa1466056bfa867ade66120b4042,00af5c2c9fd47849143be82aea5ab2cf,63560,Acopiara,CE
2fd267ad12555a1a8a09e4bcc4146fe4,00b0595d2b0f0b838edb7fbc749ea644,44700,Jacobina,BA
0918b14504ba2753bea2ea8ac64c77d6,00b0d21952ae29dfe79db614512a27c2,20780,"Rio de janeiro",RJ
9ffac27bdbe0a590cb5233d1d8442271,00b1066a65657ee1759544f6b61a4e2c,05065,"Sao paulo",SP
d6bcb58cf4ddb4688e8ff3adfd7b1458,00b1b0f856eb804d554ceab3d8f1dc35,72130,Brasilia,DF
d6828d471e2586ad672c9473ebcb282b,00b1d2492b4127598629f19a22a32be8,05019,"Sao paulo",SP
e4553eecb382ed27e953fba29092a0c7,00b21d737fc7f475c145ca292832385d,30330,"Belo horizonte",MG
c1e0dde767b358b5b0c044c8d5f408ee,00b246520d4904724f9b20188a2ff39b,45160,"Belo campo",BA
3135962ee745ef39b85576df7ddbaa99,00b2ca23369b68c4d4105ecea9c0cb93,62970,"Alto santo",CE
d7eea84fcaf846ca5455ae31db614379,00b2ee6366438f46105832fd9acaf56f,60712,Fortaleza,CE
6fbe4775f3b882bef0f10d86a55ca4ae,00b309d0151d92709de70e43d662711b,23595,"Rio de janeiro",RJ
7ed971d777a1a449bcca5e0b8c8c0e4e,00b5ba65365dad1d25811bf5e45fc983,14750,Pitangueiras,SP
6c6e923ab3cbab96efabb3cf786653bb,00b72937dcd829c0d8ca72ec77cd073c,01252,"Sao paulo",SP
6317139e006f3489468af3fa73632dca,00b742e2f6d8fa571cd560007081d53b,37706,"Pocos de caldas",MG
ff98ff0b59431751c0e90ff8c77db92c,00b8076004092a29c2c934570c356fc7,04080,"Sao paulo",SP
7ca21490a9d1f75bb84871b6e57177cb,00b9746bf8ac2964942d8b969f015196,30190,"Belo horizonte",MG
3274aedc859b9aa7d7e5db28cfb7768d,00ba737b18a7996f68cb8a99556bedd4,29167,Serra,ES
8dccd2feedff135e90d86b8abf865b1f,00bab5c446ba511117719c775a3f78e8,11420,Guaruja,SP
f487d1e458323b7515501432ec6d8bc4,00bbfe2f540d0cfccbb098d92c503eca,21310,"Rio de janeiro",RJ
77e42141a294db586871c03ce0d9591c,00bc6cf36e50f21a8478d86721c07aa5,02545,"Sao paulo",SP
c7dea15609f6f9f847e5ab841d72d8d4,00bcc55fd3eb23fc001365c5f0c3c3ba,11713,"Praia grande",SP
4a5eab03ad0ee1503ed736150a484cda,00bd169997f142571c113645554663d6,31155,"Belo horizonte",MG
d2b896ff2ad7a94912a0a55d26a2ec5e,00bd194837f2ad36d45985a6205df78a,04405,"Sao paulo",SP
27b6ca727992c88f56ad187bec38aaa4,00bd903b65b4c9a1c822887d0b012592,22251,"Rio de janeiro",RJ
c93e142e933bb44b34c4a1523308e4e4,00be1845d956d40218db17093f667764,40420,Salvador,BA
a4d344d6eb50f346c8944aee3f04d27d,00bee19e1199bc5cede1c674177b9e22,74780,Goiania,GO
f25016ac73279ad09553297de654c03d,00bfe974afd63b30ed282dc69892fb98,13478,Americana,SP
f9101abc91870da87ab5c5c0b687e5cd,00c003ed13c76042b78d53fbc26930d0,29150,Cariacica,ES
eefdefad8e1f3468d6a1adab05b3f3b6,00c04df1c94e385d57d4a33a2965217c,35960,"Santa barbara",MG
81b305536a2f14bebe526bec02449c97,00c05fe9d2f8b245f1f86fe559175f24,29176,Serra,ES
b18d47c9116d2a106291aea1abfd3f04,00c07da5ba0e07b4f248a3a373b07476,44700,Jacobina,BA
06206dbdc73fe897776daa1ba986b24d,00c0bbc49a530c07c110d269211da046,13360,Capivari,SP
636be70d7b46fb1db9836009fa61d6ff,00c19498681c665889d1212be870e8df,94435,Viamao,RS
24d62ee299b8132fe10e7ec36a32c4f1,00c1d73d161e74cfbe78975c1a2ba2ff,93348,"Novo hamburgo",RS
69726d016eac68d3d68da23184e50c81,00c26c3dd77bb25a0423a2280886b86a,23946,"Angra dos reis",RJ
383302d43ca2506b3170ad8cba658b95,00c31de6420048cb3f668c99153debf7,13503,"Rio claro",SP
63fb4d60175b0adc731e5a481eae9491,00c3624c55261d9ce593f30e3815a880,97573,"Santana do livramento",RS
c9b6c820eb45e89a822c0467eb468c74,00c3c74b09b2022ac2c0f43bb09797b4,05547,"Sao paulo",SP
d0ef6b6eb2213cf0eca87f09597ddd25,00c4592dfbfe06775ab582d7a2b8dddf,18065,Sorocaba,SP
c456733e88a103b3258c903dd5d79f07,00c4d93157cffc73cb2459f52b89cee4,24422,"Sao goncalo",RJ
9786febe4334aa427c23284149ee0912,00c5610e0f4b339cd3b0cc499937db8d,20031,"Rio de janeiro",RJ
59c6b1ba576945b3e864784ba0a8e9c4,00c605c0bfa39610b994c18f822a6d5a,81350,Curitiba,PR
76bd340b071ad08aa83e7b9c25451128,00c8c7f0cafacc30bfda2a9a7445ec80,21311,"Rio de janeiro",RJ
44b63b4dcaf4535c4f5f2fab7262fcc7,00c916ff33b521444787ac76ac6b029d,23036,"Rio de janeiro",RJ
2108cb2ccd6811d5118b77d19957b536,00ca7e6a87ceddccce3ff015000be61b,40290,Salvador,BA
5749ebe881f0b24c1e7a8a3590a074be,00cac13832bd0a8b6f50f6a36b053223,02229,"Sao paulo",SP
09946d4f0a58f040f433d53139e2a2ae,00cc0061269a99836cf8b029b1d0177d,11035,Santos,SP
c0a44bf37d5601228051fc07852f951f,00cc12a6d8b578b8ebd21ea4e2ae8b27,03178,"Sao paulo",SP
3f2e51e61d65ef449d876636ff3f1364,00cc2d4fcb3a1864b4f900741915aa85,22790,"Rio de janeiro",RJ
c95f04df0950db371171123b5675448a,00cc7c54469f4177319d6bb12e883652,68140,Uruara,PA
efcff0dedc5aad0606ae815bbb9ccad7,00cc8551c0621bc65a440e836bb652d7,08230,"Sao paulo",SP
a3537e15f3e4f88e07ab0bd9d61f4d7e,00cd1ffd1a85ec2af3de73a3d341339d,90050,"Porto alegre",RS
d001995debbd9286892642f5efb1aefb,00cd767526517f8a4fc27db6cc5a52fa,95650,Igrejinha,RS
0222b08d0816bba0acbcc31ba1d6cc1a,00cdb0d59698da325d0e6830120363bf,18560,Ipero,SP
379493be5be99c3daa8b7d628c2820df,00cf2f12497614285e5dbfb77d6dd312,03310,"Sao paulo",SP
763fec41ac35eed4b9daa4124d4deda9,00d012266be1430eec790d0f405a836c,90040,"Porto alegre",RS
dcc13a2d32ff7ec6e1920580280f704c,00d03b5e33f8987549c5590313a4ef21,96690,"Pantano grande",RS
e3099b0fe556c1f1630dd8ff91989f1f,00d079bd851bf5d13879d7a2a3b5ec48,78300,"Tangara da serra",MT
2a55c5a6ff0c2eaed117aece47856094,00d1e5d82377766dac9f8dc4d4eaf4a8,16304,Penapolis,SP
31a1f42ba1116f10aa19ca855ffa1455,00d447911e5d5ae87480df8734b915f2,24230,Niteroi,RJ
f9b37579688c942afc65788eb6a39cff,00d474cea9ceb88b7175d564b081dfa3,88780,Imbituba,SC
14a429268b2e70661e87c2be648a422f,00d4ef3e086e2191c3fb6e7b0d2a1c75,17060,Bauru,SP
b6e3c38be27b21ae7dc366f800e06724,00d76f8bb8df7e07711da4076c52ffe0,33925,"Ribeirao das neves",MG
2011663e9f984916c24b717a3ab6c802,00d7812c158831a996a6b3f4698643b5,13212,Jundiai,SP
e9c7d222316ca2c78cbf05d83c1e9fa0,00d7e54ab8c5d9916f19209dbaacbb3d,06114,Osasco,SP
1e338a26b653fb3389509b3a29e02174,00d8411c0f5ee4e0a9b8900ea483680e,87111,Sarandi,PR
95a33b9e31d7f366c9e8be44c7f402e2,00d85302f43fe8848153e3720c34ac01,96832,"Santa cruz do sul",RS
754d1a7c4d6d2fb5c184601c13080b0b,00d890d6e36244f39e22a9fb95e68756,65041,"Sao luis",MA
95a9c31d31d9b5e98eed870eb5c4fde1,00d8a60ad2500432d9edd109cfddfd9e,17905,Jamaica,SP
054c3d6634ff610c71c882d6f157bb34,00d8ba74be3eee415fe4508fdd325ee5,13210,Jundiai,SP
e060cc4070c78bb9c40c42771b995c68,00d96f54b90a6ffbe7361bcfdb85b0ba,29055,Vitoria,ES
d2e69592f6a7899fa93310dea8f31096,00da34ebf22b87f6c2f53dc069f237df,05653,"Sao paulo",SP
0c7e5a2123d793a5b2059cca7f650dc8,00db0070b3c3bd0215072323c8499407,15035,"Sao jose do rio preto",SP
5696f122abe18d1161913125dadd6fe2,00db525fd8d4023dc446f0ed2519139f,75830,Mineiros,GO
213e3a3c9ce30d4d0d2965e45b656e5a,00dba3af1366ca8114a40bc83021f5e9,03589,"Sao paulo",SP
eec909ab0da04f0d3e92f898c6994d37,00dd4390a8e8ad7a126e8331decc49ce,20540,"Rio de janeiro",RJ
9f38ad900ef8cbe439bd2b18ac419203,00df047af693b421c167e27932bfd6c5,05849,"Sao paulo",SP
8edc930c2c557e6bd0f78fee64b9a527,00df9d2e50424d103ca8796e4dc7c207,35660,"Para de minas",MG
ec0c08af5c172f4e494932f5c75e4458,00dfebc9135c7228dbb2239afc214bb5,12030,Taubate,SP
9bdb0069e23264eb579afde1860b0dcc,00e04d8e3aaa5ffab327612642ab4564,08411,"Sao paulo",SP
177fc7ae2e9f2151a7273d1040eeb7a8,00e10a3ff1e104902141546420f5a18b,91796,"Porto alegre",RS
ce0914328932472d11605cd48a1a99ea,00e130c15fdc51673742f622aa7eb63c,36081,"Juiz de fora",MG
6d8243c8aaea30e76fb67aaad65d89d8,00e151934c812526b4ed6174c8b7b1f7,98920,Horizontina,RS
927439c5ea8bffaae7b072e1550ccb87,00e20792154788aa00f53fbd616a8d91,80310,Curitiba,PR
7170c802ec75e5fcb3792110e68ab323,00e2972a013072289c3e86cfc2b9e38d,71741,Brasilia,DF
09aef328f0ac5a281ab557b909c24401,00e336519abc0012c8711db2132467ac,13308,Itu,SP
49c145b1b66cab164c722d288e4f548d,00e57919b893c89f4d9eee8d06c41f6f,09121,"Santo andre",SP
1ec8756699bd9918239bce55e91a4421,00e5dfd6ee7406a69b74c72795e6f354,07121,Guarulhos,SP
34fb7e4114e241b57c26915f89ce219c,00e5ea6932dffb682bd3d5760e84d176,13575,"Sao carlos",SP
f64c39748646a71d48509cc4d9908f2a,00e5fd621e63c426ef718e2174ebedc5,91910,"Porto alegre",RS
6f1df6f57a5f3aee951069881adf2cb7,00e67cd18afc92ef0196eb8cdf31fde0,28940,"Sao pedro da aldeia",RJ
66089d379d76160808a199e00164be15,00e6c1a9e0ea3dbda699b60023a194ac,13271,Valinhos,SP
0338c6d579ef5642c7b1c9e565a6c812,00e707efa5ad9f0e6bcaeeb87910693b,37540,"Santa rita do sapucai",MG
003cb2c7ce25d8af8556fb456f903546,00e872ca2fc94e59982286e69f186e0e,41200,Salvador,BA
1a13f2430103c7ab17bddbc2016af515,00e8cbf31206edcf22b7b118daa13983,21321,"Rio de janeiro",RJ
c4fa4315b879e1c56f1d536e67d4f8ec,00e8de2edf1a4ac05a65e36b4682cd9e,03436,"Sao paulo",SP
15a3bb04fb0976bfd8932bb1aaf2a7e3,00e91970e7fa706ece5b58bdb6344224,25961,Teresopolis,RJ
d8a819824d42184750f2add6dbe1a5b7,00e984e99fdfd52943156d2d7eb4a5e6,29052,Vitoria,ES
3221cb8d3c1ab8a7099802ce36470912,00eba9372ced7769c4b9f234923d73cc,02050,"Sao paulo",SP
ff774d667d8f3f8fe0bdd578e8d0a85f,00ec23a308504080697e5204d3dbcb2c,04024,"Sao paulo",SP
6e177e72d2f06503b4b3dabd74db4a2a,00ec5df43edcae768361caa707fded3e,05841,"Sao paulo",SP
68bf428bd03e9aef02dfbe4e8b437c60,00ec6ce865af3a65e9cca32b180e5d20,41600,Salvador,BA
6742f4e8618595952e1efdaa63102e8d,00ec821ef89535a690a072e80387b40e,14840,Guariba,SP
17b9497c2728831c952b554483afd9a5,00eca7e1c994897d0a31bf75478f4b55,36202,Barbacena,MG
e5b2dea74bc86ced6b86f103ca99bcd9,00ecc71175078e2cac5547a5656e9622,05273,"Sao paulo",SP
6bc3ffbd5f0156bede1e8ae7ae9a32f3,00ee11b831faa111cd62af2f4de8da96,11630,Ilhabela,SP
cc520770c674e35270d16b7464722c08,00ee7af62ef66b1f9b49f2c2bfd70ad5,23040,"Rio de janeiro",RJ
68f4ad79cc0c2ad06e19088f5c00e9fa,00f0b70fdcb8a6e1671b52a2472bd41f,05362,"Sao paulo",SP
8c11c3b52e4a57398bfe1c249a4549e3,00f326313b0a02392c17028f78338df0,37514,"Delfim moreira",MG
765c00b61706e22bee156446e592a050,00f7a39823c05d6a0675aa6dd276bfb0,03658,"Sao paulo",SP
e5d33c5cc7dde34deefbfa6cfcd55ced,00f8151e6b5d1b3710527075ef845a88,05466,"Sao paulo",SP
f14217ccfd1e2b7fc110ed55955ccbbf,00f8fcf41cceee827e699cc73950218d,88090,Florianopolis,SC
d3b38af3b96edca0fb37ce0da53bfd3c,00face5c8f7dbb7eefd4112722f26903,11320,"Sao vicente",SP
f6a6b6537e91cdb94efd469d48d78690,00fb8f6787f67bd33c7e86c9691d2b1c,03186,"Sao paulo",SP
763a720a236f5b8efe8220ef8b87bc81,00fb957ae14ffd35a3211d8aa6d9cf9c,04009,"Sao paulo",SP
ae248597049fb44138b7cc721eb5bc5f,00fb9cc86736fe3782dbc828a2eea4a6,11497,Guaruja,SP
db4ffdc69a26c7e3fc8858bd647e157b,00fd18b088edb95d1a35457f1c0e1bfa,20530,"Rio de janeiro",RJ
e804e7ef5f81657fd973fde6a032d3f4,00fd4a627a3b93cff0729f0b3554640d,13295,Itupeva,SP
b7972dea0691475465acaef017a83fce,00ff5e862f825ac56e5fdfaa6b69dc51,13211,Jundiai,SP
b2307f8cc75c461b1187c98a5d91ed2a,01007c64cbffc1eef7ee682dae0ddbfe,40295,Salvador,BA
91d77116484e151dafb5510b82c22eac,01007ebf75cabcd9d81d1aac37b278ca,12237,"Sao jose dos campos",SP
f35c644dfcac59c0653f4dbff3c3e1bd,01018f26fb8b8a922c025de40a85a553,36030,"Juiz de fora",MG
26e1d3ea21548a63b4679f4e93f807cf,0101da21926315ddd81d190e0ec40440,05054,"Sao paulo",SP
eb44fe0ac99d141cdadb412aebdc57a0,01020c5b6024bc1cf2a3228e566bafb2,45645,Itapitanga,BA
90846c8af61d95ef1e68494b650d0bd7,01027e860e6fb9591599d94a4189e2ad,13206,Jundiai,SP
381fcc93de567ff58debbc20540bc668,01029081d0cfc339576f71ab45713d10,19010,"Presidente prudente",SP
ca964cdd8f4bf762b684016a0fc04648,01029c2615eacab8d39f0450e6b0bef3,21310,"Rio de janeiro",RJ
35dde8b71e296fda7105a45884c5dd38,0103751df12aea8b962cfbcd2b61104c,88040,Florianopolis,SC
6b1cc1836ba0502fe56d534182e18668,0104a702e0f73442fe4dc3bfff6ba373,17052,Bauru,SP
533403681c5beb718b40ea289fa04a2e,0104d0840fb6bccc7618c519fbcce1a0,23066,"Rio de janeiro",RJ
6964708c7ac9eb36c31193d480ec96f3,0104d8ef04b9df2891e69bc0e2e6dca4,86186,Cambe,PR
8285e4ac7f898cef79ac01ca8db2dac9,010513009a288e24dbbc8183d5bcd4e2,20040,"Rio de janeiro",RJ
dbe961508522b92585af6a7f387f912f,01051cf3719a23faec8b2307b369faeb,13145,Paulinia,SP
300b8e97afe5517506eb5fd157b3a9f5,0105c53fe2f742999dcb90ca99f4bfba,04013,"Sao paulo",SP
82bbc3a3f8c7639732ceb00e48488430,0105f445969ca7b8fa2e354bec7a95bd,07739,Caieiras,SP
7e48c146e0813b3449ab313fbe7cb5f8,0106cb3b85affbb1c765eef0eac01485,24310,Niteroi,RJ
7e9b1573da9507517fc6935505ea79c6,01093ce2e3723bdb8de583346d76098c,96170,"Sao lourenco do sul",RS
2c6882de19e82ab91b7cd3dd2c49873e,0109643e8c9bc5d8d7791439f3fa4259,41315,Salvador,BA
1b82007e71296201322c8a836ad49a8f,010a0365ab237a5e2fed9d945121b627,69037,Manaus,AM
b2d679dd685c9580d766ac171cbc1e2b,010a81611c87c7e19c18f303e39973b2,13083,Campinas,SP
102d1e447c19b8c08aae5ba8fde0b4bc,010ab6653f042ebb8e430f1718f61147,06429,Barueri,SP
cd5d029f3793dce60e4dbac49e2f4cd1,010bcf93b3363ccf249034e7250266f0,64016,Teresina,PI
86d55c1416082f5a565a05e62a32b091,010c88e815c8386129e0762691851850,05588,"Sao paulo",SP
16ad0e153b12087b00ff6bba67fc0bac,010d09c16c5fee11226ca7c5492892de,69067,Manaus,AM
38b3d05c2ea1640ebc6acd359989801d,010d3cb666c64c115a144d3e6fcbd1d8,04378,"Sao paulo",SP
69d18563a5f35efbb3559c926d4326ab,010fea34d64c9fc635cebbe583f5104a,18550,Boituva,SP
800d77bc87900f401bd9109dad6f0d84,0113282a7fe79b3d8489193ccc601efb,02323,"Sao paulo",SP
0493e61ff10b220ec4799578e4cb7e96,01147fb2cf81b69cdcfdc1ac4c6fae7e,30390,"Belo horizonte",MG
a42f35ccbfe49b036589334ed0d904fb,011509f63f565e822767bfb89c3cf9b7,49020,Aracaju,SE
bc4011fd2a5106761b5ba943c8fbd1b2,011575986092c30523ecb71ff10cb473,30660,"Belo horizonte",MG
c5769199abb4d536e765df7984462910,011620d7c45f4d1599c68b2f19e4b73e,04445,"Sao paulo",SP
ae9f545566694daf0c47a67c22fc5f47,0116dc6ddf277eb8413a0393cca11c32,30575,"Belo horizonte",MG
759b49e64e1f3390cdc213ffd74876d5,0116f610fa1418cda75e0d96e1639a03,11310,"Sao vicente",SP
2902c21eef06f2af20f03c6ab0a2c263,011702c19fd5dec0000a8dbbb5b98809,89224,Joinville,SC
ef14b2612bcb6c6c79574ab9caee3a97,011733687890faf081be6fde9e7cc7a0,06810,"Embu das artes",SP
406ea6c9a3bb39ab3265cd6b80864914,011735b41c89ca1e075296f4ecb01a27,06810,"Embu das artes",SP
28c4f4d41fb30428592b5189227fc604,011784926e81122b1abd0210b5888c22,12236,"Sao jose dos campos",SP
b2706ca3ca9a2846e387cb6ed9e74c5a,011785063c56f2c239064f603bf02a05,72872,"Valparaiso de goias",GO
b7efbfd326e16ce7203d8306af0d0dbd,0117fb2675e2936a2e96dee22e8c992b,36026,"Juiz de fora",MG
69e79c2e874c0c995d596d47bb605889,0117fc67656c020dddef928c878ad5e3,84272,"Telemaco borba",PR
d43113b7d373bb010c970679603b683a,01180926dda31d9e6f60befe084788dd,97574,"Santana do livramento",RS
c6695e3b1e48680db36b487419fb0398,011875f0176909c5cf0b14a9138bb691,04559,"Sao paulo",SP
540740333023daf16cb9792b6fa2f03a,01196e80f5309cb251220a6a5b3f57f5,22281,"Rio de janeiro",RJ
88a75bd3201a2b9563431e86823c1e7d,011a18cf4e0e74bac46678dd843e3461,20551,"Rio de janeiro",RJ
3db635076c27c1d6a8618bc5a6e70ad2,011b4adcd54683b480c4d841250a987f,44200,"Santo amaro",BA
0df5896a6f325a7c16bbe6c4d80eb82f,011b7396d7220ca4ff52508adcb6b870,37561,"Pouso alegre",MG
d1d85b5b8fdcbb6f1bec2fe66df90f67,011c3e6b4b11fa8a326a39e78deb6e66,38408,Uberlandia,MG
a756b65b73075e9d789ee5fc07ef0955,011d6505c026d200e75cb0b6c47da758,95860,Taquari,RS
0a2b417f16a1f57ac465aa588a7367f9,011fd4914a2d19b2a0e50c29cea5c6a2,03168,"Sao paulo",SP
ff9f37a06f82b3db748599da8b08eb66,01202da9afa875bce3de24c92b764099,37580,"Monte siao",MG
585c8e523b8ea5ae438d63fccdb6fe4e,0121107a0cebf91b6af74f8a4ab3c4d9,03645,"Sao paulo",SP
76dd2e33346ff360e5cf6da8211027fd,012216caf4f1082ba3fc02e584de9a29,04190,"Sao paulo",SP
184ab3d6d53ad7db0f980d864012d5df,0122d73327d9135f8088572c7d7f5d54,14750,Pitangueiras,SP
e024c1515b1062b1e7e613f840c35ba3,012452d40dafae4df401bced74cdb490,03984,"Sao paulo",SP
ed19fa6ce948d52be769926c2baaa17c,0124721bc33e0aa6772b42d4ccfd01db,38710,"Major porto",MG
dd0363c540365a85947c570c8780864d,012510db7f0db8481f8a3708400c8db9,98200,Ibiruba,RS
41ebc1df9d5af975ea8582f4be95f836,0125200158c999d5813b11be482a48da,37965,Jacui,MG
003f7d92ac63c512bb6584219806f8df,0125fb08af5c9dd55731090aafc63ac8,04310,"Sao paulo",SP
3c726d68f076146069063ee94233eddc,012714eb883337fd2631c13d2daf4466,13273,Valinhos,SP
5840ca4dabfc4e4eac43cdc7123390c5,012755131a5b785b0ae3291c339a9051,01516,"Sao paulo",SP
79dd76b97c1da86961320844cb4532e5,01290b6163d2a02514a54df49221a668,20271,"Rio de janeiro",RJ
43a020387d119fbe1f461e6473f3dfe5,0129147743b7712da1c4a55a59d0fb16,21235,"Rio de janeiro",RJ
250dfa98c84cdde19347af0428388a8c,0129d48dce554d95f641d01eaa88904a,09790,"Sao bernardo do campo",SP
e4bee874d6368c127e7ca2a6fd7545ff,012a218df8995d3ec3bb221828360c86,06550,"Pirapora do bom jesus",SP
19a12c0cac7193deaef2d7040b4f4bd4,012ab8ee5f7d76005d838758e9a9452c,12308,Jacarei,SP
46ec8bcd9649f0f7bbb179bb59d6702e,012b41c1dae00a092474ca48dc764a00,38600,Paracatu,MG
d884f544da907f4cc6ffc6504f6a27c5,012b8001e47392df808a454083a74b74,39472,"Capitao eneas",MG
607351e2b45eca84823f158f10387775,012ba82b3ff6ea994a4ecc6c848a4782,13050,Campinas,SP
102f97ac10e250abbeda21cd6c3094ac,012c61cc2c69b09c85071ccac0ccee16,39529,"Riacho dos machados",MG
7de0155359e8225c2e5016d53d932066,012da9594b65ccb990822802ba0ff2e4,28895,"Rio das ostras",RJ
2707853be7df8de3a4c4e8c718de99ba,012e12f54f6e73b1faba89a119dab849,75930,Maurilandia,GO
23bad2a966f86ce792967692edb060e9,0130a250cff3b3b0649cae3671959139,12922,"Braganca paulista",SP
c0e5a37ce927e7252e897f52e9bdb242,0130baad44d0ccc44bc7526c1ac18c64,45600,Itabuna,BA
677f16cb92bfcbced2d36c587f719b78,0130be8e6677174b8184114f98c16b3c,96077,Pelotas,RS
541bac139eab89dceeb61d79bf7bd1e3,013341d7f8accddf42fc02f001ad341d,21050,"Rio de janeiro",RJ
c180f565ea0f5d52d645ce90be20821e,0134417784b9f85470e635c063152a71,01230,"Sao paulo",SP
cad3adb2a6965a5e1180a68ee254e2cf,0134caf89be2059cfd79af28d8bc1e7f,01438,"Sao paulo",SP
a9faf5f60f4a04506c1b7a6d72f318b1,013523c76f4749da72a9ccc4a67cb234,79420,Camapua,MS
51f650a65f069672f200ed66b550662f,013689381e404bf6304f57bab4b8f01d,03288,"Sao paulo",SP
302a3f8652538ced8174696427526775,0136e40591d769adfb219f167a691487,87023,Maringa,PR
32ecf699158a694b829b462b892ea519,0137420de9b02a180c53e5bd64f14750,13015,Campinas,SP
e8c7bc94dde4d7dc6a1a5cddd714020d,01376b24e146a15f52ca8382af02fe62,27542,Resende,RJ
9e275200117e662219ddfe417c986f6e,0137839e600d4edd0949a8ce7c171164,74465,Goiania,GO
b228af379316f9f5d41d658f91ef6c48,013802b3b98584222c1280e654a655b1,27600,Valenca,RJ
91ab3a17f5312a32f85bf6d567488b94,0138dff42973f40e8f5225472526f278,02514,"Sao paulo",SP
36ffc4b2179b9dec36fcfe0595c28bf5,0139884762afa50d78fe480646fe92b5,49400,Lagarto,SE
9c75150ccee7d27156bd4b0b05c828da,01399b72331afe80cc0c3a982cafb177,29304,"Cachoeiro de itapemirim",ES
49c3a1a50b8142d5b884209cf0db476e,0139d2cb6ca3b630b5833d49634d328e,30510,"Belo horizonte",MG
e6b13652c0cbdc2f26822654e1f74573,013a435769899074c568863694560449,08032,"Sao paulo",SP
2074276f1cbcee59fc01ab7b591d017b,013ae505c83f5fb1905ed23afdafd3a2,31525,"Belo horizonte",MG
6993a774e7e22bbbf14659e8c03da133,013b083525868a0437652ebf071cda03,86160,Porecatu,PR
953ee57ff32fa8b1ffac730c49b1604c,013b6090dc49b5fa51196b20ec11f19c,30510,"Belo horizonte",MG
26d283dae44fbc9eee874cecca589853,013dd47ed31ce4de00cb434b2cae5386,74920,"Aparecida de goiania",GO
450a869eb52446baa38f4beeecbc5843,013ef03e0f3f408dd9bf555e4edcdc0a,13092,Campinas,SP
5b3d688af33ea2a6e1ccf9a205709a01,013f3d6549189a4802a268131ef47a77,14200,"Sao simao",SP
94074895c5b185e9642b1a66a3ef05a7,013f4353d26bb05dc6652f1269458d8d,44065,"Feira de santana",BA
94c1a60de2eed5c304c731a6ec674387,013f66477aa3210eb05fec3fa184de33,69307,"Boa vista",RR
b9133ddeb2aa090e1ec0b645f1a2e9a0,01413c132b54b9b7dfadc2ee71ef78c8,55370,"Sao bento do una",PE
782cddca87150c8ef0de9f360ffb7bf5,0143a04eabe01ceb3a9fe2dde984e2b0,66035,Belem,PA
2512566f876344aa76171ff2fb134b98,01440d8dea55a5d0ed27d26c41044761,36048,"Juiz de fora",MG
aa3cdc56190e8af89caac31d0c2cdcf1,014410afdd8e0393ec17e9d8488449e0,36884,Muriae,MG
0c1a1bd01d912098607c17888d4ca485,014593e48e9119391b9c70206fcadca8,14810,Araraquara,SP
61cfdf9916a5a215dfe42663648b99c9,0145b1b14166b43baa374daddffca8fd,65066,"Sao luis",MA
7d179d8a629f588eaff7cae81098b947,0145bfdfe85402b2249c7437bd297a07,04880,"Sao paulo",SP
c70796021032284b2a81ee9fb544ebcc,0145c2c66ea8f764ed8d8015ce149af7,25936,Mage,RJ
a28d84b0258584bfe43bfe94bd30b657,0145fc4d376df22449756022b9ccb472,04532,"Sao paulo",SP
f024c67ecb2692299af6500fb49ef71b,01462a1d33f1b303bead3ec1ae2c4f7e,58397,Areia,PB
a3aece79030168b1da9bfc09a9d8e092,014644ae002bacd78bb05521f7e9aaab,03952,"Sao paulo",SP
fd006a53412328405bda07eb5f6be031,01469c41b00bb21cd01d2104b8e81384,57325,"Coite do noia",AL
05e53f1437a94e4fa5dbef5eb5c0fcff,01489018af4a609acb2fa2634c9ce643,22251,"Rio de janeiro",RJ
5a8bb6b5460b7bf21ee732841167a57f,014ce9c0a3df00f77a6932a7b371a3bc,02756,"Sao paulo",SP
64070c5f2b01790e6eb66086e9cc852a,014dc284927e986549bf255eb79eb3ab,32340,Contagem,MG
b81371f334909da18f8ff659478c6ddf,014dcb5d582d60bca6a379e45a9041da,40330,Salvador,BA
514971e172e16eedfe4cce90478330c8,014e4042a6b3ed0b1a6cd14c7639bb84,03816,"Sao paulo",SP
76a097239e7753c934f06beb75c88b9b,014f7e8caea3379aa3d30558424ca54f,05729,"Sao paulo",SP
8697c05aef3093605f0667354b8c7769,014fa2f37ee690774a7505252a28daf3,21341,"Rio de janeiro",RJ
2a6bf42f7763e0d3f6c4bbd18b1a992b,015124b67936296eb7250b38c906a627,13070,Campinas,SP
464475d49052b9317bf74a4d8428466c,01512524d623f78040531c0d8e20a772,80330,Curitiba,PR
59ee24b5b511f511967f7ba312f72555,0151b5ff5b5d642815f094f303e7052a,31515,"Belo horizonte",MG
7da93a55a589157b1d2448a50df3efab,0151bcc17b8ae63a495b6c9fe6f708a1,04733,"Sao paulo",SP
6a8bbb42fd8059e4d2a11fb04c09a125,0151cf157e4682357e62be311f4823b7,92410,Canoas,RS
e123e4ba94ecaa31147de27b7823547a,01525fe1e0d8e9616b2503260671d20d,29705,Colatina,ES
68401f5c05de1fc6006bf56f4bd3b5a6,0152897024d0ddad70baafe17ed705f4,04533,"Sao paulo",SP
30bf64b71d75305d57cc0d8bdeaaa92d,01531f72337b960a58cdba9c94e96d1a,36570,Vicosa,MG
d5ef2005eca8ab3356125c50c6baa8cf,015366a7c13024e36f1f125d8f9a9e67,28890,"Rio das ostras",RJ
65c30277282c2dcc0d068061054f4260,0153b79c47a4953a7dad6fb93ab45a02,15054,"Sao jose do rio preto",SP
ef9b3510ba80873dd2e3fd3984ad1665,01541e2754a6e7830b2871d7191d27e2,97040,"Santa maria",RS
408684c3090959e9e7a9e4988abdc6c6,015546ec984c58044b2a1304f24193a7,72445,Brasilia,DF
4aeab499f910ba9d5d5c8ae745546b7e,015557c9912277312b9073947804a7ba,13870,"Sao joao da boa vista",SP
2e3f6f2d9dff79e95f7e7d0d28e03d53,015613e1b7c050cd2331d34076fce1c6,60177,Fortaleza,CE
71c2fbcb3ce7ca6eab6cd1ef3fc8a852,01561f92006fd3ba8a8a4246b7f38101,02721,"Sao paulo",SP
3e4da72fb0173f9f994ee85a0d01a140,0156e3456c1959644b2da32c2cee358c,88390,"Barra velha",SC
d7d624b00f8df1e9cda80e44081a0c6d,01575c2596c13ff2422df080a71b481b,88540,"Otacilio costa",SC
6b79c900752442fedbc62cffbd5874be,0158b70c1d28da409abddfcaa5f0801a,13186,Hortolandia,SP
0ae049347725b398cd98a9efdb2bcc29,015906d05142c9dc02e816c29c044bba,32421,Ibirite,MG
ebfb3f2e532c37d5a959ded000c9f603,01593b828c6e7c516ed078a4820ab9b2,14875,Jaboticabal,SP
4617e05b28548d6730f1d06a9bd3699e,015aba8b6e516fbf6ee76c164c11987b,90550,"Porto alegre",RS
f84161106e6b8012ed6bf1643bfd4063,015b72d1a4ec2bfcf75518ada117c62b,13178,Sumare,SP
16378b14d4514c8c6c6821a4daa09ff8,015ba10edbe7988bff82867b4480c225,13515,Charqueada,SP
9254b2bcbb8cae395cb71104015219e1,015cd0b039aa3b36cf78f41d8f54e3d0,25685,Petropolis,RJ
932c1329264551a401b62819ec8c6d02,015d45ef9d6462cf0d5f062c54f26941,13073,Campinas,SP
8ca0eff4ed936034501cf36df9b639c1,015dc4d69b97b8784298de6c9484797b,60130,Fortaleza,CE
93b341f1e116e77ca817cb52e9f436bc,015e470a59ee1adbb4d6586fd90e4c52,18406,Itapeva,SP
4f218b2a91896f429f5d39355ff421c5,015f170c7abe45372b9f0414d901e71b,41370,Salvador,BA
290b547037c2540c23626e1596785331,015fcc1fe9d3319fb41b08e986684598,30431,"Belo horizonte",MG
a086b1ee2f6f30b49960b5b1d2872647,0161783a9f93dcefde5ea508501713b2,27265,"Volta redonda",RJ
3acabfe69f5cc65c47b9d3357757758f,0161ede24e46b8e50ed493e5f8b3b305,75113,Anapolis,GO
967b79a51991865602ca9b19c8b85019,016201b260065cecbb315f4de0b0dc76,15085,"Sao jose do rio preto",SP
22dadc8b01014f9b0d7fe7bfc7a72be6,01626676a41ff29901f7b42bc8e09dd8,41630,Salvador,BA
7dc7958c5f69aae36e4aefe773a5d46f,016547a638c42ea1061a1400eab339d2,22730,"Rio de janeiro",RJ
683ee50297d69c35e07eb2fbcdc95737,0165dc4e0c64d7c1e17757ab8676f213,06036,Osasco,SP
aa3e8d6f20aeba10bbf8952efa49894a,0166e2f8aaec14c93d23dea2523beac5,17400,Garca,SP
07774ce6b7092f1f8fb6ef7f1e1f3830,0167a6f5d58d5632b42c44e7f66f2abf,60025,Fortaleza,CE
10aab4c4b2ab24797517dde37deae450,0167f525469634cccbda49491f01324c,96200,"Rio grande",RS
e9834259b7af39831ea294e02ea07a54,016846e2dd862cba9a2a10eff5ac244f,02405,"Sao paulo",SP
33653a722db1d2f6bfe739b3a07f11d6,01689985c22786e41347d5167048b25e,79002,"Campo grande",MS
2ada6f578b24b6034e1658a3ad15a4c2,016a461e59c71a989c278fb565441696,91330,"Porto alegre",RS
351862afb171174da309fadda7304c76,016a528e7cb02b29de37ea55cf89b9d1,68625,Paragominas,PA
b09ff235742f48bfa743f3e9474d36ef,016a5760b723a3a0bcb4b294d4bc6b45,07197,Guarulhos,SP
a0434fbe9ea51d8b38cf323354a31393,016ac660c79288138b5d6d3570eadc9d,20220,"Rio de janeiro",RJ
5f50465da00b7fed5dd1239f4ecf6e2c,016c60628fc64e15fa5990e58a0b57c1,18550,Boituva,SP
a1e0ece6d8ce34235b8f5e3dc7a8e69f,016dc4411329d2b3292a0fbf1402e95e,33140,"Santa luzia",MG
266aee2dcb42e400fcbd70f11d6d224d,016e32e564ee03416c6f73e44a4e802a,11065,Santos,SP
219f488f72dad40f893a855ceb6afdc5,016e68615e12298a0a004a44d3b78579,59547,"Pedra preta",RN
7ee20476c82bf1b2f0e35cffe4cb474d,016feebfaba953a2456d3a063b8eb8ef,12120,Tremembe,SP
47dcf1a90121b6a747ed6329072c0c4f,0170c406cddfc9a551a3f8045379afe5,70294,Brasilia,DF
c5c273dc7587ce40423e6c791c339e79,01726e5d6a88d1a8dffd9578872ce54e,85685,"Nova prata do iguacu",PR
5109c73f95eb76f76e7a3b7248fd0697,017500c32b7353decc3a3a4d91acd0cc,14540,Igarapava,SP
e794bcee9c3289fb13024bef2f6599e0,0176190d05dbc46f20484610a0a0e1fb,91520,"Porto alegre",RS
473c6aed6147fc43db1b31710ba3431d,01762637819e8e1cb4093ff1589b0f00,29295,"Vargem alta",ES
b60fa308b463e0861f9acc7c196a7536,01769144da2a7ea21cc6163452b5824d,88545,Palmeira,SC
20fd1d3f2cd5764f96b64c33263a57fd,0177c9c4715fe173b9c26fdd95a94579,14900,Itapolis,SP
6a62eecd03864fde7bcb252adcae7fb2,0177f6975b155c814ea6273eccc58d82,03533,"Sao paulo",SP
483468a56a54dbbbf8f2b2354cc8a729,0178b244a5c281fb2ade54038dd4b161,12518,Guaratingueta,SP
ea6ba2b2e27f7efea73bdeab7fd6e4a0,0178b244a5c281fb2ade54038dd4b161,14960,"Novo horizonte",SP
2397dd19bf74da4cd1fe4b5839199d91,0178df128a2cb4f9914c8c3beb8a57f6,22743,"Rio de janeiro",RJ
68850f3e1d2031818cf0afe5c87b1de9,0178fa4e501691dec0663f439950d4de,03817,"Sao paulo",SP
7229e52ccc0d3ebe188a62df35123f7a,01798446b9d249eb006931079a273601,93542,"Novo hamburgo",RS
a9e109d30979d4afa7edc0409a64aedf,017adfe7897c78902d9f7d58cd855990,54140,"Jaboatao dos guararapes",PE
19500cbae8a09fc49b75153c4c965f9d,017ae1edebbc1749a64a520e37633c3c,04896,"Sao paulo",SP
86042d37503c19914f7c6d1cfda24870,017bddd3844cbc8c9259179f66786333,65074,"Sao luis",MA
8a2ef78157619b780f710183a85346ed,017c17dd6f2e7859373a5724b863801e,38040,Uberaba,MG
aee6a4b7dd37206736642224fba0de6e,017c477c81dd0f10726f7828f0475c0e,13098,Campinas,SP
cde0fab0e97c1807c7b4e1360483b507,017c4e59e1a95482f32f65e03a46af95,11250,Bertioga,SP
4fc4a9bfcab21c64c43f8475ff3a6e4b,017c5a91ab1759799a4d68be8091b8ab,18020,Sorocaba,SP
5ec5ec37e6836b538bcf20fd7e6fc0b2,017c61c786dae249f339e690764ec7e6,05574,"Sao paulo",SP
dea0282651f3ab3a8621120d97f9bab7,017c7f75ca30943882f48d5fda81e2df,39915,"Mata verde",MG
bb0fa453b48c8f4c9a4b461f14123095,017d9afa17ebea3b2a7c03ed6bc954be,05351,"Sao paulo",SP
a624e908c25a33b47b1e0e08fd1bf08e,017da2695c69ee376b8b4220cf0f61ec,39260,"Varzea da palma",MG
1f50abd4b365778f654d8ef95952c1b7,017eb8439a0ca7dcfc228f933bd204d8,08061,"Sao paulo",SP
db073abf8c93f928f9cefd125bac461f,017fa9ba22880652e440025a91d5a66b,29149,Cariacica,ES
1c89ee60a557970e0961c9fb2f6d82ec,017fde295de136549d89d951da362287,12690,Silveiras,SP
89ed9f545e7adb16e072d52358423f8c,017fe3adcd1989f1ea8bac1848bd1b94,18703,Avare,SP
bd466b03300d3a0d924ecd7c7121a784,0180d29fed77d26d59490f37198514a1,29101,"Vila velha",ES
00c32f58ea39ae8132d9b1a32b81b167,0181f57a87c6a2f0e0fe2807f67aef0e,33600,"Pedro leopoldo",MG
a718a6a2ef929d33b05173db47e11080,01835b7ef446c78d0c37077894aa068d,35930,"Joao monlevade",MG
7f5f6d402a23a76d2efc737bbd3d7d1e,01838e7d69d87bd8ff2b6ff06789adfb,66620,Belem,PA
e035fe3b3ef405941ecbbbb0790d1f10,0184070f27c13c909a1de7b1b059b496,26041,"Nova iguacu",RJ
f4cca385564f9511f9fd06ed67b7f947,0185135ffdd866d3a29efa833ac0829b,91910,"Porto alegre",RS
c622c9f760ecd07e8910f01da1a8efa8,01858f2fad256b1689f5bdafc059f745,05881,"Sao paulo",SP
0b63937f34f1967a105bc39a54c0e56b,0185fbd2271efbc59bbb96ad3e99a7b8,91530,"Porto alegre",RS
0941cc6c82ccb3ad29471a38e6a8dc04,01873d3c2fc620aa701e30d2c4181673,05425,"Sao paulo",SP
3eaa6696002bcff117ae99cadb54e7c3,01878328db858b71da86bdc8966ea729,52070,Recife,PE
2d5f2b1f7d4c7fc279a33c274acfaf63,0187e88f4c9b2e4c92e5d47ffa0e1da9,35160,Ipatinga,MG
0b23173df4256132c3b3e3fe16c7f255,018864afd6d3af6af6e3cf1245fc5ff8,05429,"Sao paulo",SP
306e7f5a781430174600acfec52a1843,01886ef98f995e4f2dd75a1d04c97397,01240,"Sao paulo",SP
acc559579aefad3c725ffb1b7c7e4c45,018875156db79cf3fb697342f256c329,11015,Santos,SP
2fe1e45308747a49753fc6a495d6cda7,0189137aa093295df2116467b8201d66,36600,Bicas,MG
78b9904267ee1f823cc8ae2d8e95cc8e,0189334b410cf5340ba839359af8a959,20730,"Rio de janeiro",RJ
6f9a964fa04ebecf999971e89b370a1e,018974568b0b5a8c395465dee270c3a9,06700,Cotia,SP
5ede34a01165a4bb139990645c5bb314,0189955e61056a22dd6e7cb03603a149,30330,"Belo horizonte",MG
61238ee709250f8eba322d023775d9cb,0189cca3aa2a0f75ca0cde94ee38be57,85885,"Serranopolis do iguacu",PR
eddf431fc12240a0975043db10c54b74,018ad5828f8f66b69604caabd0aa78ca,02545,"Sao paulo",SP
13be143b779c1915b1c83bb20bcd6831,018b0a8d048e41f2d1f55e56dcbd335c,18890,Taguai,SP
b98e0d5aca458a26a6ff30fee0416ca2,018b5a7502c30eb5f230f1b4eb23a156,74976,"Aparecida de goiania",GO
c8e2333d8f0ccaef016c6b1a1f28c0f5,018c9bbd7d61c91f2abf3cd77b5010ad,09406,"Ribeirao pires",SP
e823a77c1eaef4c7664b0f4e4d275fb6,018ca9b2c9f793a0e43e75d6a3eca86a,29102,"Vila velha",ES
662ab7afd6f9c9dfd5677cea9867f742,018ccb97f791b89dc7ae72b4a114b00a,07130,Guarulhos,SP
f0c00c8822173128caa59de9279ff573,018d9881368d5098100c2430b8ed8bdd,20271,"Rio de janeiro",RJ
97f6772ce3a8fd0482229a1c57d48da2,018e2017f47d05d438effa6d15061c2d,41830,Salvador,BA
5cc200d2334981b997f3ce341c6c91be,018e7e423aa73a3d7183d8c7c7a7c50d,80630,Curitiba,PR
849055ab6cd4bbc743b31a7a5f218b8a,01922cf678f7c6d925421a273a885fbf,05754,"Sao paulo",SP
f2b4062de04b2adb7111ee7163252b24,01927626c24c5826ceb6ca6b2797fd60,65054,"Sao luis",MA
bb89ed467b77ce0e60a8af8152957ffd,0192a97d19fd891f0a4453609753b886,04864,"Sao paulo",SP
831b97f31276cc62dd67237883fdb3df,019322e670d197f31413176b865880fd,02738,"Sao paulo",SP
f16c12aa92ae8baf6812736511ce30db,01940bd0ea09e8cbbeb24452e58dcb0e,86755,Angulo,PR
4d0a7b1e096fe2e30e6bd910f348d433,019441bdb2c9b0b1990cac725c427960,97015,"Santa maria",RS
5b6030a690297d70a2f2df507c586bb7,0195b599954bfa2cfac327dd3b35a877,91410,"Porto alegre",RS
4e54b60d9094da89bfd9e8006ec8bcba,0195c54646cda6452f5e1a0474f3b502,03377,"Sao paulo",SP
f8d7a963345ee86ad3e3ac1b6010284e,0196285e88e29cdf2c0afba10cddd9f0,90030,"Porto alegre",RS
53e7e398583fd2dfe791d236920eba9c,01977d0ffb59b3b64796aeec649edec8,07752,Cajamar,SP
37a5fe17fc5ddd12a508ecff5db05a09,0197bf8828afdb5ef6a6f7446a52607e,08223,"Sao paulo",SP
30bc4543eddb2d5677f3ef3245826c2f,019890d2ead42f267a2c66919d9dedce,14680,Jardinopolis,SP
c757306276211dd58a7c9fcd06fec330,0199358f4d397a51c763be597977ddd1,18425,Taquarivai,SP
c798c01690d37463672ac6710f7d6148,0199360d5869b53eece5870f3bd1ef0e,90560,"Porto alegre",RS
cc11a11d221f1461bf5d830a37e858dd,019954cc9c2ceb2084881eefdf48f0f9,91770,"Porto alegre",RS
98b57da4f6372460e9bd54e2e4491e0b,019ac5580a897d52e5ed6f7ed89ade27,13170,Sumare,SP
ecb17e6e5633358935ce41e8d84cf3d4,019c20bc411068e6f296cd471ac8425b,01452,"Sao paulo",SP
7a145c216b8956a484a50e67e385af99,019cd54cc450bdfb2de3e83dced0c511,14790,Guaira,SP
a5acc83d0613fa082aee11996117121c,019d47513bb1164cc83fc2d6d7123ef8,48120,Pojuca,BA
7b840357a6fafc45003d6a5fa78ff3b3,019e6c1c524669436535388a1cd5cefd,24412,"Sao goncalo",RJ
a5c7faf5cec9b387040c3e5bf4d71925,019ea19e666644625032de5efe2ceb71,26510,Nilopolis,RJ
58c6845f76a94d9d8413b051ae4c9d46,019ed386aec9ff0f9eab4a590231174e,13202,Jundiai,SP
3c3d147bd78ea075fc4c0bea0609c8b5,019ee3ac31baf4383471c760125e2977,04696,"Sao paulo",SP
161bbf41f242e91075dcd075c9034992,019f29cee4d4031f59fed390d3cd0bc7,09811,"Sao bernardo do campo",SP
1979060e7ea60e0c50f47b27e581cdee,019fcfdd0b0ec239cc2b536428064c47,79050,"Campo grande",MS
e4baaeeac874d1625171dfe5e7b3b295,01a013f2d3d7b0fa074a09d3e6e7b611,27920,Macae,RJ
b103615614c3de1f0c5bd81ba07cbc38,01a0f3dc3a406f7fc8593565e1a50b4f,06624,Jandira,SP
a1c4fffd5de4478c21989bd29f9a4aa4,01a17507586f0f10f52e7e86ac73e1f7,96203,"Rio grande",RS
0645e6b17784d5955065584acabb7d25,01a20270c305052404127be803843f2f,14740,Viradouro,SP
e98d4459ce911f6ae3aa3c9c0f3d94bd,01a22e2079ea71e17313b88e5811e54a,13215,Jundiai,SP
c82064d38030650cef4059e13d90ba39,01a2ad01e93ccfaf7eaff9bda6f2320c,81450,Curitiba,PR
0e5ba8e1148c8f30369c02dead8834f3,01a3427def071b9efaf74a817c4e023b,79823,Dourados,MS
f1b479fcb81a8fe3401269ad9b1819cd,01a379e7c61f254c6c1bfc842b4d9416,04089,"Sao paulo",SP
d0b0b2dd8bdaf36ebea19c232b4e986b,01a4788c8bd6d0d6a5b16ccdfd393b74,28895,"Rio das ostras",RJ
894202b8ef01f4719a4691e79dd24c17,01a4fe5fc00bbdb0b0a4af5a5345cca5,63430,Ico,CE
e8dddda26942e4141e957870ba0ad2e6,01a551a1f8c7955ba259897b2e3d2e30,09861,"Sao bernardo do campo",SP
92ac4160874c75b187c8222aec92e1a6,01a6d398ee25ef8ce7ace2d3620ce248,09895,"Sao bernardo do campo",SP
bb035eefe21037da91dd8e47f284dd39,01a7888cc755d6ad17b03de5f5543641,23087,"Rio de janeiro",RJ
1efc9d3e28764888317beabc11686b06,01a8574d68d5a495ebe94a4790f6fe34,30662,"Belo horizonte",MG
a43420da9f54b35f3bc8e9b201209a76,01a8a2fa13dad647949ff57927e63b0d,06670,Itapevi,SP
4b71f2dc18503c0dae19a58bfe99c593,01aa30b6c0412a1548fc29e2c98033cf,71884,Brasilia,DF
bfa622c5b6ee7f16225494a05952cb73,01aae089a9f716c2d948a24c5406603d,05445,"Sao paulo",SP
e8833ec036ef5a31782fc90de8a6efc1,01ab4b660bfe57375e0486a07bbe31eb,18095,Sorocaba,SP
a6e8240939fddfd24161a340c6589aaf,01ac1e0b4421bb9946e56692e21226f0,24120,Niteroi,RJ
be93891b0486585b4cedeeb517c8cc03,01ac33544e5b7d1e79f7d69a065282f3,29177,Serra,ES
675e27f6a4dfaf0f608131decc38c806,01ad914ceb44eddfbf992570e6a5ef49,21755,"Rio de janeiro",RJ
a2340342c81e4ecfbdb7c610f07276fb,01ae3897d0da657af5dc0b0dab9df7dc,02989,"Sao paulo",SP
9f8d47a6522a7c8d2353ca41fd62535c,01ae92e9e94bec47e10ef885402cfe54,62010,Sobral,CE
48096908574b82eb70950c339d4373ee,01af16b985b3ad90d75333691e2da6ab,48725,Ichu,BA
3bfc56d74bd9034653df36bb0de5cdf0,01b0d417af24703a0b20cbe71f354285,64100,Barras,PI
601a560d4b23a44c2fa46d012210992e,01b0e04852a70de5404609e82e8fc0ba,18143,"Sao roque",SP
1f8f1074660df76525ee98ce30443b88,01b0e4e53ea06107438b0738d8d670e2,14887,Jaboticabal,SP
d4db2de03a978cc57f508a11822da55a,01b3e064c4fc4372a269bdc02c131850,07150,Guarulhos,SP
328f2c3c58fd1fdec27745a5b6aeac1c,01b42ac9d3801e6edf67f7a95f04a838,08060,"Sao paulo",SP
9d9ed8461ab0d39ca9950f78958114f1,01b466cc9a9e663eb04f4b8890dbc5f1,38175,"Santa juliana",MG
2d2622ca8b7ae3317a869976c5513dc5,01b51b6ca4757ff714f2a54043e5c7b4,12912,"Braganca paulista",SP
2225cd8a014f6e1c1bbdab7ee5de2aa3,01b531d9fa14ce8894156d72f7ee8b92,06787,"Taboao da serra",SP
4179f0f32ddf0566ae204816c4b1cb3b,01b53609a2d3710857e22775bbf8ec0f,21710,"Rio de janeiro",RJ
bb454ca97519a6764071a5af75ee8521,01b6eceb8d393992f590cdb60a41e388,19865,"Pedrinhas paulista",SP
5119c6d7557563be3a40507a5a90d1f0,01b7463b1d6850a0ddfb4a93e05d0671,15440,"Nova granada",SP
a2fbca2d233e0e5cbcfe95e7545bc6ec,01b84e3fa2897be6eec7fadddb3d56f3,30441,"Belo horizonte",MG
ffed5d4f6245fe13cd57054621eec36a,01ba3180d3c6e7a6e269c5a542985423,09371,Maua,SP
eab17001b1d7cde27c1f1234af12d4e6,01bbbfc56b8ec1052e46f260226e34f9,22793,"Rio de janeiro",RJ
cfed94ec4cc28960d319f2d11516af81,01bc72407ac3ab328e54938f599d2231,20755,"Rio de janeiro",RJ
410b9823d7bbf7f9758b5818cb434869,01bc9765e0b1cbb83ec85d576ddc4ef6,11025,Santos,SP
79c0aec7e6a81127ed9cc488a0cbc077,01bdeb2c0f524bb2119a8c0cd5419f5f,04747,"Sao paulo",SP
7eccd9d443f9f61f39a60c9d17910c48,01be09e08ce97be4356a7c93bda4ee70,97015,"Santa maria",RS
3cf477126a8dd7140cba273f6f65e61b,01bf812bfa21271c91dbd9bcb9fb055a,30380,"Belo horizonte",MG
19b0b4f4d16afacf338ab479fde55ac6,01bf87cfe6b10b53c057c03b9e7d034f,40240,Salvador,BA
07d4d7c6584be1dfbea942bd0fe5b9b9,01bfd443225216fd172d2af98ae80068,26052,"Nova iguacu",RJ
50bb9b23717954cb976494695b150d26,01c12b236caa6f6d630b985da0ab5d30,48914,Juazeiro,BA
babdd387394b20e5cb5c015bbfadc9d8,01c1529c867b31e5b6c34ad4ccaab314,78770,"Alto garcas",MT
a8855786ce866e5aa1bf16a510c812f4,01c15633aa5baf9c6d2685354fd82747,20261,"Rio de janeiro",RJ
672e77494e53c15e0ff6f6469c9b1c4a,01c19b1261325781dcf2f82c9892f80e,17280,Pederneiras,SP
fb4d778f6b01565f209b561c9928747b,01c1e31277120e8c6360c6448cbd4c80,63260,"Brejo santo",CE
31927091c573028dee0b8dff8ee57309,01c228e91a729c993c054756eaeb680c,36680,"Sao joao nepomuceno",MG
5586f979cd49ae9f5a78c57f6eccd8cd,01c289bb06354cdc7e6549570f20ada4,58051,"Joao pessoa",PB
45dac24e563a99d886aaaa89d4940434,01c64acc2efd27442844ed61dd9981cc,01532,"Sao paulo",SP
62f0085d64cec3690ecb29ab182952d4,01c6812053d3159e3f8f0a3d92af3cc5,07192,Guarulhos,SP
63a1a915dae7eb2dead5b9481d8d775b,01c75ebaa6fd123179cc3898fe4d24c4,71208,Brasilia,DF
e514a24b58fccb3ca7218947874f1710,01c7e32e214b3b0c31b7460a08e89ec9,13466,Americana,SP
4e96e84ace5bca3a2f1f8c6ccc622781,01c849814dd6cd478f0ee6343414acb7,19865,"Pedrinhas paulista",SP
7a9f335e44390d13140297c96578a80e,01c92cf65b66be2fb861a163d4830f5a,05782,"Sao paulo",SP
61fad79bfe55baa042c5fe91d8aa337f,01ca0680cddb7f4c71e3235f08cd16a2,06311,Carapicuiba,SP
bbc9f2a768855a2c3184259d2d8d7047,01cad597bb1c8c79b2115a6204ab7f8c,99250,"Serafina correa",RS
8f41cca39f1d5a5cbed373e947d79e55,01cbe0a1a969bf0936fd97298ae18cc8,29303,"Cachoeiro de itapemirim",ES
517309570c755ca7336c759ad78c6919,01cd1ef6c24558b19ce2dab8801fabcb,32600,Betim,MG
877a19ed3db8c19e44beb8c809ce2ddc,01cd5bbfc2ee49abdafb429522b93fce,09715,"Sao bernardo do campo",SP
cf1f153a1af8c5cdd447ea6e3616b7fe,01cd6609264361aaf702ecbee2641cea,06040,Osasco,SP
8e49f5f31f9feb36a1a6c2aa70af719d,01ce78f7a46aaaf7a9d1d2b86224ae38,17051,Bauru,SP
2128ddf650e5c73783c60d3478810402,01cf4a649781b563f650ce1c18b19be6,12235,"Sao jose dos campos",SP
01fbee52c3fc5a8c9df089a6b48ec60e,01cf555dad51551a56a1bdc9fbf2acd6,25510,"Sao joao de meriti",RJ
53ef809f78767b14e4f1a711a1b13d0e,01d0f02781924f788fd9d0521663fae0,13145,Paulinia,SP
3b1a260815b673185573bec5daed5853,01d1444a9676bab441621b52773035e9,29060,Vitoria,ES
1dd775750ce8919fc542b8d1430802db,01d4133dfc24adea1d8d8b7f5ee44aa4,17021,Bauru,SP
fa89c63e13c0be467dd82ddedc566260,01d46b5cad3cda9c22f52df41197a671,08257,"Sao paulo",SP
4292ad887342214c93ed734b90355ce8,01d4d353f424ed250bf892af49d30abe,20521,"Rio de janeiro",RJ
09fec4d70947d5f83147b9e781962e8b,01d540906498d52fa3b7f10b5ce735b2,37110,"Eloi mendes",MG
bb64979ec39706aac2d6bfe15948a5c0,01d628fd151ab84d5063f2dc5c92a118,13720,"Sao jose do rio pardo",SP
2d00abc66dd2095a9e9875724bf05868,01d78a7d654c0b1ef85977c306d0f60f,58036,"Joao pessoa",PB
b5da2b9eed5cdc1ee96bb8ae16e0e19c,01d7b0d6f8958188afa680d75dd47919,02478,"Sao paulo",SP
56e7899b07b9a515442d8855a6e049b3,01d8df79b0fe245a03928d53fc25c223,18130,"Sao roque",SP
774a3f0f568b720be35c8a92db1a5aa6,01d8f02b7ae915fddc5736ecdf613cd1,96745,Charqueadas,RS
c1bcc51943dba97f1f522255c3d374d2,01da270abab6215a40467414afae12d1,13083,Campinas,SP
4cd274ce8ba240b1cff6480fa9911df1,01daeb09de8f07882ccd4319ffbc4693,09415,"Ribeirao pires",SP
4a9cae3c6e4eff37b35be82974029cda,01db45606d08e66e2c058ad2f08f5b34,31035,"Belo horizonte",MG
3ecc9e555e7fea523b8bb0201cd520b8,01dbf5ec2334d02e47a8167d3c2e0837,15044,"Sao jose do rio preto",SP
da47b8739cc4221880eda77a98215f84,01dd34b5f4cee2a48f03ba1cce8c592c,74360,Goiania,GO
229f50ba299b472ddb52496f761a032b,01deea8faf538e657bf2b1cb6b6c24f1,18530,Tiete,SP
882d74a40dd3c00c4bf5e3b6ba55798e,01dfe4b4e19154abdebe71e50f52f88d,55630,Pombos,PE
bcf0c03f03d12963583d545991870248,01dff584b4563da3703fa375287a3a69,89509,Cacador,SC
857e902240049a036702a76621f9c2f9,01e0008efc8b3804e274ff934ba017c9,08773,"Mogi das cruzes",SP
8a48d765503bb8a8053e646e1f08b3d6,01e019838e4e21dd66bb6f69352334f8,78325,Aripuana,MT
9d4314f6de130876aef05baaa020f0cd,01e123d7c7cedf12af483fc17258b9ce,28360,"Bom jesus do itabapoana",RJ
1b4fbf469a7ab0237b99420da733202e,01e4cddc3a56ea6684510cf09f4d0411,15807,Catanduva,SP
995463cc3940449ac2e89e8f9df06d10,01e4f76dbf261176b87ed09f6803c596,35348,Pingo-d'agua,MG
44305c726f079031aa4dec593ec9cd37,01e66e20cc67536e6fa27878ed07ad0a,45656,Ilheus,BA
4a2a55eb047e3c1aa195fb12627d11cc,01e80828765c999c3f5a7713f3912309,85818,Cascavel,PR
fce55a0b30e94493f234e20d63c58411,01e8bcc3377762cf85025138b2901947,39403,"Montes claros",MG
adc505e7e2e015260f92b0b2aabc3e0f,01e8feee57ec1b6447fdd4fbea8093cb,09820,"Sao bernardo do campo",SP
317b6bd739f5504c8cdb3979cdca9328,01ea2467bec4e5ba6c007621c7df3bf5,04813,"Sao paulo",SP
c69c846746a623c12b98b6162c3dd725,01ea7dfdac01a4e8fbe2902b73510b20,22220,"Rio de janeiro",RJ
3771d0deabc4e42e587e579072da89fc,01eb9d565f58fe2b55946b72db045556,62870,Pacajus,CE
3760ea94d9fc7b3ecf5250afb8715418,01ec28844a316ded17fa50fd28b98123,90520,"Porto alegre",RS
37eeab71386686bbc66ecf73feb97e88,01ec66cacd4c45d04f9ee2a1c25bb20b,03335,"Sao paulo",SP
d5a5dcf7970697c1d38458beb2cb264f,01ecc1f1f21f05d0736c99d92646f132,86700,Arapongas,PR
d2f262e4f938b4fe0b5015fa24a2d7a2,01ecdc37f767e85f5b3fd2310a289253,22451,"Rio de janeiro",RJ
ab8fe6f7befe06ef4536fb2ed52a4c21,01ece9ffbb6a00db5549188bc410e878,90020,"Porto alegre",RS
88ab1815ff5d0e5dc9078ecb786658c3,01ed8df97a21e2f15521f9758554b32b,85877,"Sao miguel do iguacu",PR
42d4a2e8a460728da550948367a9f2d9,01eec5acca315fa22d30315944c65536,24756,"Sao goncalo",RJ
3588cd5b4c54f438e59fbdd3df100b37,01ef3ec35f556231aee2f73e8bc6f8a0,78455,"Lucas do rio verde",MT
303f96887b473d72e34c2d0e492fa43b,01f156677184504063bd19739f924af1,88735,Gravatal,SC
baef940a00ba067871c199dbe8212204,01f163c912209bc42fd9c0e169e8039e,91780,"Porto alegre",RS
81a1275bcfb9293d363987cb4150d435,01f173d576ec0a01bbe13dccf0942696,35600,"Bom despacho",MG
ad015d052809f72a00eff106b1e24901,01f1af590b3fa6e09ee79551635926b4,02254,"Sao paulo",SP
7d5e98a2e485f0735beee6e2d1c43e0e,01f2285f85a1c603eb7ef755ad311769,35162,Ipatinga,MG
c3ffeb9c3087a76ea3ba49071efcb175,01f2c78d8578f27b62ca1186752e1532,29160,Serra,ES
b13f6814a87e9fcc95db3980cbb7af42,01f382f4c95df31e05e27f1151a015a0,54080,"Jaboatao dos guararapes",PE
bf3b87e64c9e80c8c5782d1dcd709ba7,01f492ebceb9747c71cb86d983afb9e0,05879,"Sao paulo",SP
e17f5383fc9cf03c6daadbca547bab26,01f6fa760c8cee5fef785c7a73321534,38183,Araxa,MG
20077bfccd8f3f45b2e6e412f30a0414,01f7f7e1b4aefac99dea303f9eb5f7c4,05723,"Sao paulo",SP
f22f33d0003631afdbc7f83c4dd914d9,01f9585695ca0cb669ddbae22f6ede43,13478,Americana,SP
2189f0dd0756c03dbfcb33d3ec290ffe,01fdfc6e1f85ad504461c6699adb246c,37578,"Bueno brandao",MG
5327a0625ac539b7f7500ceb3fba0065,01fee81dfa09d00693bbb79aaf922f89,27511,Resende,RJ
f211017372dee93377fa125ea22d3871,01ffb8ddbd9e1167659827ed1b9b6ccf,36010,"Juiz de fora",MG
e978df5aa1ae62d8844d55cfff14c2d6,02022a08ed3a2e736777b7b71389c62c,30720,"Belo horizonte",MG
69bf47236b3b6d2da24ec0a6df47e9f9,020299859eabbac628a0b2d6ea22bb9d,17900,Dracena,SP
a537aaf902d2f436eb7f44817154bb68,02029b32d4185a32a888c3f2d4d8839f,87043,Maringa,PR
e71b7daec09cf1f42e8764868665e5b0,020311f9fc67a990f3d43b481398a259,81280,Curitiba,PR
d431edb5a506daead098ac221c568094,0203cdea5911c033017b1b2bb6dbeb33,70673,Brasilia,DF
0fb85ae4e233e275790cba098c95c855,0204f3da94dadaf3fa21305413e02d63,64290,Altos,PI
a39ead24e02b8839d883933860db7c8d,020504cfbef989c034f403ab0076c408,28300,Itaperuna,RJ
be6d0f3e10832a975bd27bac0a6e1f12,02054940ff45a170ddd0acca60575eea,17514,Marilia,SP
707505827f1845cab9776c719afd1362,0205ecc1296100f97f4ae03e22643b8e,22440,"Rio de janeiro",RJ
12972b8f7cf1281794beef6967407023,0206119a2f332d97fb68a9c1f592b2dc,88010,Florianopolis,SC
b4a24540ca7eab4fe0c46d6efa6009cb,02063d3c56dc62e17f57cdd78c4962ff,09132,"Santo andre",SP
54fef4bb475376e95000143add7a1557,0206671ca1e6cea41033a21774bef222,01522,"Sao paulo",SP
26200259c9bba6e2708558f225ce4ed6,02068e4fb8a2f9434c60eb29751b0783,49270,Cristinapolis,SE
14148e8de854cb67d2c730d568af1ed2,020747bd836e23bc8e3692937ad85497,25845,Areal,RJ
799967dc41acc279321517694105ea40,0209a0a5c96cc50dd1bbe71e3730af2a,14801,Araraquara,SP
768b1212aff7e8d5f3cdde251b172390,0209af58dcd97d6ff5bac3f5fdfb8c0e,28634,"Nova friburgo",RJ
5a587c6077dc556338b6180760ef8d21,0209cc2349a03f00567bb9d24a459829,84040,"Ponta grossa",PR
c9dc6fff8500f3735822d5356bcb0e1b,0209f290b5451d357308bc0e90521026,04109,"Sao paulo",SP
2e558dc2f2797f4ebf11a261be0abd1d,020a1ffcfaf43c6003111eaa33faa6c9,33035,"Santa luzia",MG
a44a037a63d6afc0e4e241e95abc4fc0,020aa2d69bca8c7a0b3da5f8e602c26d,13238,"Campo limpo paulista",SP
89a704082896dad4019e7621a83431f0,020ac38b920d61317bc3e7e2d1e3602b,27937,Macae,RJ
dfe6428349699e108327e82801ff912e,020ae51ab502504a00ab6ccbac53bfa6,06760,"Taboao da serra",SP
d59c07c280cd5843b2e93816baa05944,020b824fa9ea4049aed3171900d41e86,30535,"Belo horizonte",MG
07a0f2cfb244ec5172ac0fbec747a6f2,020c0844de3cbc0e65fe2cd62ddbc985,85857,"Foz do iguacu",PR
d4efc1f03bf9506b5b8571e78a4cd370,020d46eecb7bda2b3ab2316a91bb49f6,38779,"Brasilandia de minas",MG
58e8acc1cb01e1f8f15f1413019d0457,020de21f006326d43b15b28e073f8b4c,18185,"Pilar do sul",SP
0bc0e9e36ef7cc3a227078978ea75d43,020f91981e05247250ccaa0ba69364d6,20720,"Rio de janeiro",RJ
3d611418d3317f83cc72fa55120c25a8,02105a58e384edb89a9827dfd3b8173b,02550,"Sao paulo",SP
4c05603dd6bd8a1afa59f2684620ffd4,021109bdb16fa17c2463cab87da314f3,13024,Campinas,SP
efe0a27eb62f96985e74e196a386be40,0213ec5289d86c40bda69ed571b5853f,30662,"Belo horizonte",MG
1f09757902b8881d55a29f5380d546de,0213fe7fbaa0a7e81c16350785e367e6,87900,Loanda,PR
cf708bad4ed7ea3afd2d58d189fe2c6b,0214a2864bcff8020dbe8c40a2e9d26a,39280,Buritizeiro,MG
dcf9da02825b471237d9f83bd0c39fe6,02168ea18740a0fdaaa15f11bebba5db,97015,"Santa maria",RS
d498b6125c1dfef15bd1ef7758b3d442,021823ac7f57395504b4fcf2df8667f9,85620,"Salgado filho",PR
93516ce404b65731cecbd93db7392d33,02198c63d3e65ea299d6d8d3c7a11665,07241,Guarulhos,SP
cf781d70e640e40bbda23421b23da094,021a4369c52a67fdaa1a923dada92cf2,13276,Valinhos,SP
aa7aba441952b013edbf055028d6e7dd,021ab4ee1c733fef68ef3ddbb6c4ea7e,12954,Atibaia,SP
fa4418ffe30b31c317748e51ff5171b8,021ac5734c4f62601583998bf0de4e03,03112,"Sao paulo",SP
432ccb202f9b881f60841007ff8bb896,021b5df6105eece2e83def42b2a75a1c,20260,"Rio de janeiro",RJ
e63ff59204c3f0c9b48e8cf43776abec,021ba14f8e7b9e5c46cc91cfdbcfbbd1,14820,"Americo brasiliense",SP
cebec0575369eb5d6df1ffc926584e7c,021bca90c906d19b425e192070eb6f68,24020,Niteroi,RJ
e504a4f515eca66917e45ec6eda6d735,021d9099364431e24195152225c8c535,06433,Barueri,SP
93a991179d5b741e60819f8adc163df3,021dbb48a965542d846e18a6799d37c0,37750,Machado,MG
0145c94f89448a156864199db4c3b826,021f9b70becbc032905f24f7e6c2d7d7,27313,"Barra mansa",RJ
3b7635130d1327ea2b273050efc450a9,0220755d57fdf6a1f63f39f51bb5fb90,01011,"Sao paulo",SP
611f242bc215745857b56cace74282e7,0220cae7a876f841ad3924e84b29861a,32450,Sarzedo,MG
28c857caf2f37bb8751725b85dac2481,022130229ad6d7d853447a4b0979b2dd,35164,Ipatinga,MG
f7c4276a2a1197f38b8a1c037aa11711,0221e219e9875443d81e933d3d6f8c80,41810,Salvador,BA
550200ca7a0ed2fd23b951edf86a884c,02220c4df207c6277c269f0b3a05c7cd,03651,"Sao paulo",SP
7a421bb11d92f1a08e384f216250afa8,02238d275f51bce58c8e97218621bd91,31150,"Belo horizonte",MG
4b353a0617c3d6d44a3b134843fb6414,02248d5e7ec365ab4fe76975be1449a6,12321,Jacarei,SP
42bc73dba3fba40b50d647a428d1089f,02251550f4d16aca44ce66e4263c0522,05501,"Sao paulo",SP
f4423bcba715c4b8bc0a07c0bff7977e,0225a15f6d472b6aff9f2ea45e9a563f,05365,"Sao paulo",SP
e32964dbb1ef9fcd089eaea349e3766a,022609268add6b353d31185c5ff813c8,04857,"Sao paulo",SP
9d1db085c2312cc76a261c2f0d153ee5,022657d659cf88bcc8c22774f3f0b61a,06317,Carapicuiba,SP
59cf1a479d104e38587b9fe9d60febe3,02278b7fe04a285092542fa4313cdc31,96065,Pelotas,RS
5d5577005dbf8ce00f7edb417650f2b6,0228e299d1cabeaf9be64b5ccd784c97,78643,Querencia,MT
6d5507371e40197f19156f69f015c9f8,0229357c32b8eb6b686af4ed4c90d22f,18119,Votorantim,SP
a189fdcd17c49459d41f406cffb5264d,022949b07073de5d6173732ea01d6155,31160,"Belo horizonte",MG
ffdf82f47307e5b56f341a499bd268c6,022ac7dfecd0b4f6019415c4a0fe6d03,01508,"Sao paulo",SP
6ff08b63fb563391aa26bb935501c19b,022b5f96c507ad0530bb7c5a29d00a7d,21011,"Rio de janeiro",RJ
2eb17db1dd21795d769b6c17ff59f470,022defe8d96ad7d7e6b2e39a5d83c500,96075,Pelotas,RS
09d7f60a8fdfeef225e4e5dcd447047d,022e9ef39a8047a24a813f57ad382b94,18143,"Sao roque",SP
e4a6b71c10472822ebb5071b89bd9937,022f73728cb75b707e8237867ba3526f,30170,"Belo horizonte",MG
48487a92b4fd416acf46a06f981ab31e,023196e0c7c9f50e21677e45cc6d539a,03362,"Sao paulo",SP
969b6256a32b5b38af652e5a35381a1b,0231f0795b8e38aeb40a26115e75722c,08763,"Mogi das cruzes",SP
feecad59da8b9119cc7c6c2035597783,023269083e9a81d89531aeb436d4a05b,22251,"Rio de janeiro",RJ
ac71f82b7f95c8723da67b5a764ec9f7,02333854bb2fa366a65a44ff189a55cb,29703,Colatina,ES
8def3efb30406813d14603306f520d99,023571745d76e09f8bd5477af28f605e,27930,Macae,RJ
c4ff23fb1fd220525bda9c4470402c9d,02359eb55cd801c825452c46c59d416f,20780,"Rio de janeiro",RJ
fc05c6c04fd59a8f7a6833f912276f7f,023609b602b585ea3aaffff453cd0edf,90650,"Porto alegre",RS
5bbdcb7c7f536aeff877f51af0f02b37,023614eec7dadcb125d4408c1e9634d1,45821,Eunapolis,BA
01aed44f9b372a8b9a40201cf7c155a3,023626329895d11d199a1bf57dcbc546,82320,Curitiba,PR
f7a330ac2902c08029c8d657193a1e5f,02364b772a6ae741cce9f3c93ea77edc,37540,"Santa rita do sapucai",MG
4a72cdbfe299f4c1cb76450b1926dc1a,0236e0a7664e478c1c5713ed4d51f906,24241,Niteroi,RJ
7a9c13db2472716010166b76727665f3,02379766f7d489377d4a0b5e5a7bd40c,80610,Curitiba,PR
4581c014bf50140e2b6b7f4969261b57,02379fc0d5e683d41ccde86f75bbfaf4,72320,Brasilia,DF
7d7e1a20038b10bce939fe27b99e400f,023986b2b457eb7ffc5a7669a6dad6fa,24330,Niteroi,RJ
fc289a6b8a8613e4e16ecbf0a9f2f47b,02399dafe5a38655445fb46ec2499071,04729,"Sao paulo",SP
105abb3ec467cc6585a53923bc5be40a,023a46a22f869dafae9c900b45b8622d,24754,"Sao goncalo",RJ
596ab046937142ab8dc0fb942538d9e4,023a5f2429a60d00c9c26887b95c6c80,09361,Maua,SP
4843a74362dd438d2035ac91d8ab5bbe,023a67e0df63273fa1f49cd71fd3eb61,51170,Recife,PE
4a2018a5ffb14312213c7df659c629ed,023b5ad5d79bf390d6c743833dd41732,04815,"Sao paulo",SP
e968c215cc5a146095be714aa34028a5,023c86aec9feb3a43c76311813f04a3e,13607,Araras,SP
3c18db09bbaf1ef66e568bc610fc3e9f,023c8fe9cea056407269dfe9bdd57a8c,76385,Goianesia,GO
9470c8136f65b36188e06ba951759b7c,023d64edb6716ac1a0a5da6e6277a713,13044,Campinas,SP
143352eb1597de8926f839bf52f82ea0,023d978a84bb97e195d5562279a7b285,28995,Saquarema,RJ
93b27a628d1df2de4e1e3170346b597f,023de84681c997f7bcb218b8e23df233,88015,Florianopolis,SC
09c87ec40e7dc86bfd0b79ccbcb73b67,023e5eed74131f86d5893680d88d88d7,75063,Anapolis,GO
c24638e1ff5efad8e21f689d7a1f0c6d,023f426e28a212b8328b41649a2b1a05,89694,"Faxinal dos guedes",SC
216360d7df0e08d493f369b39a5fb69a,0241fa2e9adf0576cb0f845377d05c03,44573,"Santo antonio de jesus",BA
4d4beb06959716163a97e5b3e713cea9,0242712d1c9c34808dfa88c597c7b0f9,89560,Videira,SC
bb3bdf949a58ff74c17d6aa4c1f94da2,0242e42b2210c764b47e099ddeacd742,49043,Aracaju,SE
b14de24553a648f6c1bf49e3f61e1056,024422409498157526b84fb4cf919ae3,13506,"Rio claro",SP
9d81175f83b45c6a446a8d3dfedd1a25,0245997602d4ec43390590e43dfd39d9,07240,Guarulhos,SP
307f69409b94f1287cd478d154225cd3,0245c32b7a8e243d2574af599a186108,13730,Mococa,SP
2e5e192daace5791ff9fdb7cc0cc6d1c,0246128cbe42bad650aca67dea148ecb,52070,Recife,PE
46d7b804edb0be231995da55b71e311a,02466bc47e3eaf9117b78765326d41e7,88020,Florianopolis,SC
c98632bdc4c3bd2066cdea237cf8f468,024676cef113f6c81db6c5b8d29e5ee9,08290,"Sao paulo",SP
70c183bec9f84db4c9557658c6801ef8,0246b5fda21cce422b91be62bca9c9ff,95055,"Caxias do sul",RS
36774face3b8ee84925f7ed49dd56c42,0246e728843e079b72ae99cbfe711acd,13150,Cosmopolis,SP
f542817b35df8c87fc0b4b4632804dc9,0246f8de7fe5a9cb5e3a3fffa3cf0da4,12061,Taubate,SP
74dfb907a60cfa132eb67a88446eea41,024741ae16493ea617e06ecc277c7069,06020,Osasco,SP
620b45ddb1e71ca6e9c2004438c2c887,0247caa552d23ae7ca2e0777b55a4a2f,22270,"Rio de janeiro",RJ
d3fda06d45564b2a30b99c8a476a3921,0247fad5e7e46592d7216d01e9a2d7f6,37950,"Sao sebastiao do paraiso",MG
461396731b4ab9af0bcaf5e5778cca38,024879685782c26ab2f0365fbea37967,36500,Uba,MG
2b6c4b1ee772f4932d7e85d6bbc64363,0248acdec0648791650de14b758df203,02322,"Sao paulo",SP
80daa5cf717bc359cab1de3b48034771,024ab36a6207906cf0d2767466419017,68786,"Santo antonio do taua",PA
1849a2fff655891c4953613c76a74a74,024ab3d97dd522b7f5173b905628f9fd,04815,"Sao paulo",SP
107867196b9d0e75ebed00d7ca3b721d,024bc6c3997170f0ca30edba8ba8aa55,13083,Campinas,SP
02df47cd0b49a7f0be9b09411594328a,024c132534a98479e42a33027e3ad2e2,35162,Ipatinga,MG
20c6ce7432acf52ce53dfd747c8f6de3,024c233620ca87fef1d3f281e8123142,70363,Brasilia,DF
605aff3b7d8433c447ad5ea47f2327df,024c9fd1cf1c2c614f24a18e5dd1784d,09195,"Santo andre",SP
02147933803d610875878623ed98c7d1,024cf57b6da1f225b8b130dcd9093af9,09181,"Santo andre",SP
f0d34aa376fb5a83688a6fe7bf66b252,024e448ec8650b88a45e9f6049eec02b,04363,"Sao paulo",SP
bb2d91de3bc4eb320310260882f8f082,024e94ea4d09b69b4996d5af7b43c1b4,41250,Salvador,BA
9a7d77512acc59e1d535fad1db9e3f85,024f153bf5ff2f378be3577f3248f283,11460,Guaruja,SP
6221264de581fbdaae3464872444d6cb,024f45263b6a8d9d49b30c4251cfe86c,95300,"Lagoa vermelha",RS
ce5a5964cd6cf4305cb68f14f2df4b62,0250e6330823590753c1268c9bf15446,09860,"Sao bernardo do campo",SP
cf403f7325b6f0bd65dec9b3793277df,025243a8f6e8e4afd7def031078725bf,22790,"Rio de janeiro",RJ
855fd5747207a6fde9c90bdc1bde58f6,0252e35d8aa0b7b19eb4fb96783bafca,25050,"Duque de caxias",RJ
b6586e469c2acf2e6efe1083142c6282,02552fea6f4fa9a5c61bf9d22408ae73,38400,Uberlandia,MG
3ca7ad671477a48e73b2a600a6ce6ef4,0255bf539e958e6f426caa5a0cf79aeb,71937,Brasilia,DF
d7c4d8b45b0a33ff6df7a3950800d4e8,0255fc149c1f191319c8c431479e5d8c,72830,Luziania,GO
146a10f27b7755776c90efe2ef4f51df,0256a460aa82066254d63d60bc21076e,26020,"Nova iguacu",RJ
6a933d575369fd2e59732c81a51ab189,0256fe01df094f555379b7d453ba22fc,13082,Campinas,SP
53338024c32e3b9adecda91f84a882ed,02574dbc91dbde4c31f8c4e5ccd4f808,24711,"Sao goncalo",RJ
291d88320a4586c8102b11eb0cacc89e,02578a30eaf25ecf087a3728dc04b85a,26167,"Belford roxo",RJ
aecd9735631c0b749aed3d609b196d55,0258ab8ce9fe72c23efb37dd0dcf1307,04939,"Sao paulo",SP
ff0da136fbd35fb34d88d49e88dbff2a,0258cd3b5e7c4b397cc09ea472677e73,95720,Garibaldi,RS
8ed3a953186a64ad090056ee27657038,025bc857299fac3e5c699322d2a1485d,04104,"Sao paulo",SP
0ef4273145d74465c180b6a9fbb9799b,025cf7c2f32536f0be1ab412bb6602d2,88845,"Cocal do sul",SC
5f00dc1a9cc2562dacacea4e8cea2811,025d137104467c3e5c07018d9d0bb6fa,24412,"Sao goncalo",RJ
e6c569252b44b3a6528be6af74846dfe,025d6eda479e8fe58f6f9c334f86712d,28893,"Rio das ostras",RJ
648d3b4bd99e24a4572a85c71c39f681,025e14cd691e409911edc1cc255115a7,33400,"Lagoa santa",MG
ebc2b55328cb844e6a699eefc16da7c7,025e4cdbeeffdff36f7f289a4b714965,11025,Santos,SP
869b5960dd03676a74c661d62d2f4b05,025ef887ab57255584e60873ea086144,08420,"Sao paulo",SP
ae980a87b199d9bbd5de7b78a3ba312b,025fef1b215081d46d39595c7b67c9a5,18215,Itapetininga,SP
98a14465604d4ede0ea6d0cfd38f3d5c,02604e6d24c19c9e8c72bb1044bc48e0,24452,"Sao goncalo",RJ
d682fa04ab665d8f7d4ede5b8d1dbebb,02620ba8f4c9b8583a78fbabcbf155cc,22753,"Rio de janeiro",RJ
e72b7c5bae2b9031c4372ac8654327dd,026369eca788b2b8574bdcd04b003d80,81580,Curitiba,PR
36e98de15a293055d089aecf4f029d81,0263cd21a17b7b8396e582d110c6ad3c,56280,Araripina,PE
aa94ddb0d9628d99374e0ba9a4a077c9,0264a651d41a6d387cf2f061b5f914d3,33082,"Santa luzia",MG
f4984d9f9ce9b3201db4932ea329cb40,02678f5b6207663512dd9cd96af14f0d,25213,"Duque de caxias",RJ
4255814e8b080bbf487d6e0f837092e4,02682c9a04df6a3e140e2e7eb78fa693,63700,Crateus,CE
9b4efdb2241fd3f1780164c4e3ca2c13,026888d959225b8c5d57f6f0fdb54470,06618,Jandira,SP
228a573acdda157d7d9cf3f40d86f5e4,026928fd79018e3c6b635da82781eb62,89300,Mafra,SC
0c474fb968686213d3b8a6222196de97,026af3cfcaac056ac62feb8457cbfaa6,70856,Brasilia,DF
e8e7b23c38d42a5fc49b092371bef664,026bae191fa488af0155ef3eba3d4a79,13032,Campinas,SP
289e7b7314970d0f2e3b0e709142c671,026c7e2e8e363c7e734a716f9c70dfc3,25750,Petropolis,RJ
1e223c28a57021767dda5694299786b6,026cc430843b605b4b5515751f4fe5d3,30140,"Belo horizonte",MG
75eb6159884efe3ef7da3449c8ab244a,026d1aaa74457b39204f1ee240db2bc7,13070,Campinas,SP
6cbc69ef01df8d34bd134c6d828c1e53,026d6aade0923331c6065e5daa7aafda,44320,"Conceicao da feira",BA
0222766ad058124916f73176998b8df3,026e135c007282454338db204e44381f,04614,"Sao paulo",SP
f7ee00959d2e86ce3c64d648d2f9b89e,026fef2c54aa326832f6eb30e9a13398,13482,Limeira,SP
a3dda9a3e80421c30c99adad855f1df8,02700eac78be35e1cbaab825c2314f4f,89255,"Jaragua do sul",SC
a4c045252d9ee400da61eb5b562aa8e1,02712c43bfdb769882911ec01879f2b6,87970,"Nova londrina",PR
884e5773f9ec5902aec38d330c7daa7f,027179319d6e0b4958b300ba6e9e35e6,72145,Brasilia,DF
94fb73174290f8ffbdba81e43e64bb7a,02726fb0313c64d554b3a373c3a92f42,06416,Barueri,SP
9a2d8ab8a2b31f1924dc599386d36a7b,027497dedcbd1792aba7aadf6677d2a4,05750,"Sao paulo",SP
840ffd2f09e0da8ca40743b9d6aefcd3,0274b33316518523077f46c699109015,29230,Anchieta,ES
7c88f9e6560eb826d135c5b234704036,02772b907240626d358384cfc854b6eb,37130,Alfenas,MG
faba85ebc5cfe2a7bb060d3287493701,027803eb28cc01fbdf5da72b109fabee,90010,"Porto alegre",RS
7e3e2bba2553232583eb9e5907adc6b7,027835b35f861ba108518b2c529e308f,41181,Salvador,BA
894680d04196842f885d856fa217e281,027873e82cba22c40763c9e44a536a38,66075,Belem,PA
93a9213a3f26b087500abb8186f71703,0278b3b0c4368280c3a17faa0be4311f,94852,Alvorada,RS
ca4a0be41498e3b520de83bfe54a16ef,0278d1770d14782b065a8f24b0084b08,58074,"Joao pessoa",PB
efb11532d679cf86f2c7e268edad0e3a,027975035267b4ec8c9d8ad65c6c4d6f,83413,Colombo,PR
e2459d3d54b43b69025c937805fda247,02798e1b3a37c163dffad98b3c6de007,86082,Londrina,PR
a5802bdf6acdea92021a695149a8bbc2,027a37fed88effa55ddc5e961a48575c,79560,"Chapadao do sul",MS
737044a1637b4c3e17f927d096620325,027a8a853eac346c3bf686f95289b761,09845,"Sao bernardo do campo",SP
4dc69f5a7144b4414b97fbe35696af97,027b0a2a0630aa7439875c30b987bf99,68900,Macapa,AP
d3b8c571c1ae50697f890412fe925ccb,027b5658f8a94a67c3d037047ca849c5,74840,Goiania,GO
1157498c98b4b3b15123153b0783900f,027c480ac01f936d8add76e496bbfebc,83250,Alexandra,PR
191c6079fd74bb14301873023473bb9b,027c8551b090d915b6c779c7e970ffef,36950,Ipanema,MG
6863efdb7b49c05aac8bf15b2fe41f70,027ca2556afdb5bb0741b214c6380bb2,12446,Pindamonhangaba,SP
c0693ea2d67ed729c24899e38cc5ff5b,027ce05786a9c91b427cf168e82819e0,88140,"Santo amaro da imperatriz",SC
358c143b159c4ab9ad749f57537bc382,027d053c7d8203f3ebb4512da23681fb,02472,"Sao paulo",SP
aeff643ffe546230ea975de5740197fd,027d5c59887b8a32f409adb105c9cee8,75828,"Chapadao do ceu",GO
3a214c7413071d2247bbdcc535d5bd10,027dff2201a97b9920d2dd5240f51a02,15014,"Sao jose do rio preto",SP
d0c3b7ad240bf5b2ee00789b21f63988,027e682a11d8db5a162f01e1b59700cb,95190,"Sao marcos",RS
dc68515c1613ad4cb01edf406dd5c179,027ef1dce56b52802c3d35cd5beda928,04190,"Sao paulo",SP
a69fbad70edba5ff322f07ffe0529850,027f1c8ff06b9e07a71f720fcb918531,86015,Londrina,PR
ccd67b62873f83da80201df2bc4dcf3f,027f4dabd2ab93d782fd604ade3f9f1b,38300,Ituiutaba,MG
82a6cf90eef165080973fec6d6dc8910,0280239e6c4add91b8a415d9b2566649,13733,Mococa,SP
ebf84e00361c31f0610635647dbd0db1,0280c3bae373e59fd0f564cf9b0188a1,03335,"Sao paulo",SP
b31e3de2a253154bdd28a4f1f252b1ed,028296541bfb0fe84ab460804e4c0dce,01035,"Sao paulo",SP
fe466590682b569c87d29ef4dfdbc609,0283917cf6822284c4341224ef003fb6,79092,"Campo grande",MS
ab3e2234cc7f0a87910d05b6dfe9a70e,0283d9c78c980d3ea0fce611bbc8ad5b,04427,"Sao paulo",SP
a8fcbd21f54cac36c246be8c6415e4bc,02844e55117602121bb79fe70a59522a,07417,Aruja,SP
600e4e92337a1567445b80030189ac49,02848edda6ee321f306660a8399d8cc9,24901,Marica,RJ
bf06992fd27d8a0a950104151b8ca61e,0284ca4015977edc8413c917b8e68355,02435,"Sao paulo",SP
4aeeab0bce430d10d07340cecb987209,0284fd4ad2eb300b86e3fbb61985dd00,55385,Lajedo,PE
12168c42925f55a232b6fb7e0bb32007,028610eb2f6daf6bb4c37e1bd2b42210,82820,Curitiba,PR
4109c63be22f97950143c4acbfa68e4d,02880ecd2c905f0a16fa1ae3d0884b1b,09434,"Ribeirao pires",SP
bca062b7fa800bf2c7952da1b5778585,02889f45776f057efa2323d295406cf2,93222,"Sapucaia do sul",RS
1fb9f3e7704d50dd72f6adfd4f6d8ffe,028ae0b8c77250d12323b40f2cbb38c7,35901,Itabira,MG
07117462d9483029c4ee6c907a3f3ebe,028b8434bd4a6277e77f5b327cc1e1b0,20561,"Rio de janeiro",RJ
fb10b4ac35c8d3b7d387ebc37a500d6e,028bb7f0b0813c2df891b680c35b5f63,41830,Salvador,BA
6c1e92a209dbf868706caa831090941e,028c09f007292c4e3a3b10d296e47987,58075,"Joao pessoa",PB
53cc124c5fe39077134aa18974738d60,028c1f3fd0bcc7a92d6d4190f6c08ff5,12243,"Sao jose dos campos",SP
caca87282df2b6fce5e717b93e548b92,028ccf85a88eb595cfa50d7a0d417868,48700,Serrinha,BA
b185b126fdc8f60cb8be77078546d1e2,028df9d72fe22595a5da837157f1258b,39280,Buritizeiro,MG
d1431ab18d0b3986a70188adf3bb9f37,028e0685d43827f5ce7882972eeaf6f8,24325,Niteroi,RJ
0cbfb11934fdfab3cd95e2224b6c84f3,028f21bc914b92ebd3d90710df2363b0,22231,"Rio de janeiro",RJ
4e8206cfd9d078fe620c0da3fc2ddd7c,02900dde8414f41aa7e3e6394eb08871,04844,"Sao paulo",SP
2de2bcf503940c1f1a9ebfc58f40c543,02943af04041ca7713d7ef096d5d7a8a,13061,Campinas,SP
0ee5ffdc9a611f0100258012cb35ffef,02944edc74d278644e63112966608f62,38500,"Monte carmelo",MG
c5c32cfb1971f9cb50b5f7a06e6d09ce,0294560ad384ad92c9aff267bbbd9406,05638,"Sao paulo",SP
27764b8d1e3c578021cd9c899ffd98df,0294bdc2d323f7399d6c38690095e94b,01527,"Sao paulo",SP
842f5b7d1c537e492f0f039d881df246,02961f000d03958b88e9cba0cf6253cb,98801,"Santo angelo",RS
4658dfc795b76b5bd5472d0528eb3d19,0296a671e6107db6871fcb8ab6330e48,22430,"Rio de janeiro",RJ
d01dc54fcf3bf7bf2fee5926f43e0516,0296ddaa154279cc2bd15621e06e6f1f,24340,Niteroi,RJ
6f5499775cd1db11fedb4da2ba0fee19,029800f459300049c50c59dcc4244e44,09250,"Santo andre",SP
65dad95ef3f74abd39d82a32b3cd405c,029939dc94df37cac6ac39bb3e55562f,24742,"Sao goncalo",RJ
d386dd4f88de12e3b36750751c8a0b70,0299711900aa07c0fe4961eb253431f8,13401,Piracicaba,SP
3c96cfdac2bce85bd05840b62c0e2e8e,0299fedc3f190307e87f32483a9ba4fd,95705,"Bento goncalves",RS
460120cb864985d447516e2a69e244c0,029b457bd01199c39136f89e0eddcd3a,65620,"Coelho neto",MA
925b74a503c1d6941ffbffe957ffab67,029d51fd4dc96c03a0e3d71c848adeb2,24220,Niteroi,RJ
245e4aadffccfee106ea93f35677a9af,029d944cf2f7fc6640e877c5c3612509,38610,Unai,MG
499da3e498c2933ce31488deb6ed7810,029f24823177b442913b23816ee59e17,36660,"Alem paraiba",MG
219fd715b4810a1a506f8b36692f52cf,02a0646c59df9bfe155e5afd3317a87b,76821,"Porto velho",RO
5ae752fb345dfa0d14a52db28359612e,02a09961a48dc54166f61f00c8fcd7e5,45545,Ubaitaba,BA
68027fa28677c1800203d22af1ed6b51,02a0e3c6bcfdfcbecbc4268ef3797863,13087,Campinas,SP
051cfab9a2157fdd2150d0b4aa0128ba,02a12dc286c290872d5a263fb9af0dfd,05886,"Sao paulo",SP
220683a5c2ed4acb41982896af840226,02a2094b273efc30447d706e9fc9fceb,08780,"Mogi das cruzes",SP
8a3ff5438e69e032936ab47f419c9576,02a2144d4ae1760a74cedd6b5bfea147,09760,"Sao bernardo do campo",SP
2f3dc6fda9c82bef02f23f9387ef137e,02a2a0a9627a062602de754d75038ce4,07190,Guarulhos,SP
e01d4d0c98a1f1e998f3b78aa5c48874,02a3fc88421c4bb19b14420b7d1b6bd3,03451,"Sao paulo",SP
6a6d5c560d1072a67be9ee533125d9ed,02a6a137ef7fe2414c9e14fc4d060790,04116,"Sao paulo",SP
3d06c5a21253c48236d840250d9f8a6c,02a7760053385280fc193a50d86f69d1,13575,"Sao carlos",SP
8914e881bbf2c9017c99a75e418b5aba,02a8100f33055beec4d219c04e7d4318,02178,"Sao paulo",SP
f8a3f90054427bb63eed0ec42ed00e70,02a81ef75e80450061b235f691600dc0,12514,Guaratingueta,SP
db49fe520cb46f61abd48dd7ac799885,02a9f0e03fc4867dc04993af70d4a300,13530,Itirapina,SP
2130df9aff38b3fa676dd237235f55db,02a9fc337956564657d9fa17d41af27f,25956,Teresopolis,RJ
c06ced9dfc8ab53bf20bc4f403a255da,02aa4845dc6ee08624bcc899ad684b33,03820,"Sao paulo",SP
063f284f8c19993b5e51c6a6109c620e,02ab167135d5d29cdc77b3147d75c1ef,04531,"Sao paulo",SP
e92f36cc104bc4ede1abfb94804ed3e7,02ab4d19fd037fa00ad9892f7d529a8f,18071,Sorocaba,SP
3093237e466fc270d23cfcb6732ed83c,02abda54135beba6c872bc929d06be83,13067,Campinas,SP
f93df0428349b10970413433e6aa5d6b,02ac2bb64dac05fb338809262ff33a49,27600,Valenca,RJ
95adab33dc843e33dbe2499bd2ce40e9,02ae5429a2a0c57554a8d4b7ed04b7e2,07251,Guarulhos,SP
6e2243e81dfbcf77269277d8b90834ed,02aff8daa5b3527989a29500ff1e8e10,09530,"Sao caetano do sul",SP
f3bbfdeaf0a3a67f9fb17ba1b07df212,02b13b8c07bd3209940a10fdbc724545,78280,"Mirassol d'oeste",MT
f2f44651bf72c2b3ac527a8ccc57c796,02b201bcaa62f2e65294692b30fdaa4f,88058,Florianopolis,SC
f227e7071caf55fbd19620ad628aa80e,02b20b7c813efede140142ac610e36dc,03337,"Sao paulo",SP
77650ab2482dc921150e09bea05890b6,02b2ee0aa7ac4b3db5463ec3863ff8f7,05640,"Sao paulo",SP
e3b91047e6ca3f5e8b656750fa3d61b2,02b3bd80b9721b83c5b155ace3feede9,35519,"Nova serrana",MG
15c880e1f17fc30eeba82fa03a5446f7,02b3c998830ee93e9edb49fd91aeae4c,80035,Curitiba,PR
a22de42cdb14daab6c9a294ed8c1f15a,02b3eb3619fdcba4c5a8e5d9ad6c97f2,41515,Salvador,BA
